存货编号,规格型号,期末
,,
1.0,AAPAL13-60-P8.45,1.0
3.0,AHD13-20-P6.66-SKC,1.0
4.0,AHD13-35-P3.69,1.0
5.0,AHD13-35-P3.69,2.0
6.0,EKSD16-20-P6.24,2.0
7.0,AHD13-LC37.8-P6.26,1.0
8.0,AHD13-LC45-P6.26,1.0
9.0,AHD13-LC47.8-P6.26,1.0
10.0,AHD16-35-P5.25,2.0
11.0,AHD16-35-P6.68,2.0
12.0,AHD16-40-P8.19,1.0
13.0,AHD16-LC38-P6.7,1.0
14.0,AHD16-LC45-P8.16,1.0
15.0,AHD16-LC50-P6.18,1.0
16.0,AHD20-32-P8.25,1.0
17.0,AHD20-35-P8.25,2.0
18.0,AHD20-35-P9.22,1.0
19.0,AHD20-LC41.8-P12.26-W8.16-SKC,1.0
20.0,AHDE20-35-P12.26-W7.16-SKC,1.0
21.0,AHDE20-35-P8.68-W6.68,1.0
23.0,AJAL10-LC85-P13.1-SKC,1.0
24.0,AJAL13-LC87-P8.5,1.0
25.0,AJAX13-80-P10.05-SKC,1.0
26.0,AJES20-LC75-P19-W8.5-SKC,1.0
27.0,EKSD20-20-P8.3,2.0
31.0,APAL10-110-P6.66-SKC,1.0
32.0,APAL10-70-P7.0,1.0
33.0,APAL10-70-P7.24,1.0
37.0,APAL10-LC118-P6.5-SKC,2.0
38.0,APAL10-LC67-P8.4,2.0
39.0,APAL13-60-P8.45,1.0
40.0,EKSD16-20-P8.13,2.0
41.0,EKDE22-16-P12.28-W7.13,3.0
42.0,EKSD16-20-P7.32,2.0
44.0,APAL13-88-P8.1,1.0
45.0,APAL13-LC65-P7.05,2.0
46.0,EKSD16-20-P8.40,2.0
47.0,EKDE22-20-P12.39-W7.24,2.0
48.0,APAL16-110-P13,2.0
50.0,APAL16-53-P13.6,2.0
51.0,APAL16-60-P12.2,1.0
52.0,APAL16-80-P13.1,5.0
54.0,EKDE32-20-P16.47-W11.32,2.0
55.0,APAL20-78-P12.35,1.0
56.0,APAL20-78-P12.35,1.0
57.0,APAL25-90-P20.2,3.0
58.0,APAL8-80.0-P5.5,1.0
60.0,APAL8-80-P4.0,1.0
61.0,APAS10-70-P6.7,1.0
62.0,APAS10-80-P7.3,1.0
63.0,APAS10-LC73-P6.0,1.0
64.0,APAS13-130-P9.1,1.0
65.0,APAS13-130-P9.1,1.0
66.0,APAS13-130-P9.10,3.0
67.0,APAS13-60-P11.04,1.0
68.0,APAS13-60-P11.05,1.0
69.0,APAS13-60-P11.1,1.0
70.0,APAS13-60-P6.9,5.0
71.0,APAS13-60-P9.1,4.0
72.0,APAS13-90-P7.1,1.0
73.0,APAS13-LC77-P8.7,1.0
74.0,APAS13-LC78-P7.13,1.0
75.0,APAS16-65-P13.15,1.0
77.0,EKSD32-20-P15.13,2.0
78.0,APAS16-LC62.00-P13.28,2.0
79.0,APAS20-80-P12.2,2.0
80.0,APAS20-80-P17.1,2.0
81.0,APAS8-50.00-P6.4,1.0
82.0,APAS8-LC75-P6.05,1.0
83.0,APAS-C10-70-P5.4,1.0
84.0,APAX13-LC83-P8.18,1.0
85.0,APEL10-95-P8.25-W6.24,1.0
86.0,APEL10-LC95-P8.25-W6.24,1.0
87.0,APEL13-105-P12.18-W7.08-SKC,4.0
88.0,APEL13-108-P12.18-W7.08-SKC,3.0
89.0,APEL13-80-P11.5-W10.2-KC90,1.0
91.0,APEL13-86-P12-W4-SKC,2.0
92.0,APEL13-LC67-P12.10-W10.10,1.0
93.0,APEL16-110-P10.4-W8.08-SKC,2.0
95.0,APEL16-60-P13.1-W10-SKC,1.0
96.0,APEL16-73-P14.15-W12.15-SKC,1.0
97.0,APEL16-80-P12.06-W7.06-SKC,1.0
98.0,APEL16-80-P14.82-W6.5-SKC,1.0
99.0,APEL16-95-P14-W12,2.0
100.0,APEL16-LC60-P11.48-W6.28-SKC,2.0
101.0,APEL16-LC77-P11.15-W8.5,1.0
102.0,APEL16-LC78-P10.1-W6.4,1.0
103.0,APEL20-90-P17.1-W13.1,4.0
104.0,APES10-80-P7.04-W5.04,1.0
105.0,APES16-100-P14.3-W8.25,1.0
106.0,APES16-60-P13.1-W10.0-SKC,1.0
107.0,EKDE45-20-P32.33-W30.40,2.0
108.0,EKSD22-20-P12.13,2.0
109.0,APES16-LC77-P11.1-W8.4,1.0
110.0,APES16-LC77-P11.1-W8.5,3.0
111.0,APES16-LC77-P11.2-W8.5,1.0
112.0,EKSD25-20-P14.35,3.0
113.0,APJAL10-120-P6.05,2.0
114.0,APJAL10-120-P6.05-SKC,2.0
115.0,APJAL10-120-P6.05-SKC,2.0
117.0,APJAL10-60-P8.10,1.0
118.0,APJAL10-75-P9.1,1.0
119.0,APJAL10-80-P5.55-SKC,1.0
120.0,APJAL10-80-P5.55-SKC,1.0
121.0,APJAL10-80-P5.55-SKC,1.0
122.0,APJAL10-80-P5.55-SKC,2.0
123.0,APJAL10-80-P6.0,1.0
124.0,APJAL10-80-P6.0,1.0
125.0,APJAL10-80-P6.03,1.0
126.0,APJAL10-80-P6.03,1.0
127.0,EKDE20-20-P10.43-W8.28,2.0
129.0,EKSD13-20-P7.20,2.0
130.0,EKDE22-20-P12.39-W8.24,2.0
131.0,EKSD22-20-P12.32,3.0
134.0,APJAL10-80-P8.05,5.0
135.0,SJES 16-60-P12.15-W7.00-SKC,2.0
136.0,EKSD16-20-P7.13,3.0
137.0,APJAL10-LC73-P6.05,2.0
138.0,APJAL10-LC87-P6.35,3.0
139.0,APJAL10-LC97-P7.25,1.0
140.0,APJAL13-100-P9.07,1.0
141.0,EKSD20-20-P7.07,2.0
142.0,APJAL13-125-P8.08,2.0
143.0,APJAL13-60-P9.0,1.0
144.0,APJAL13-60-P9.0,2.0
145.0,APJAL13-60-P9.0,3.0
146.0,APJAL13-65-P11.12,1.0
147.0,APJAL13-70-P9.15-SKC,1.0
148.0,SJES 16-60-P12.15-W8.00-SKC,2.0
151.0,APJAL13-80-P9.15,0.0
152.0,APJAL13-87-P8.12,1.0
153.0,APJAL13-87-P8.12,2.0
154.0,EKSD16-20-P8.20,2.0
155.0,EKSD20-16-P9.13,2.0
157.0,EKSD50-20-P37.4-W34.4,2.0
158.0,EKSD45-20-P30.18,2.0
159.0,EKDE25-20-P11.22-W7.07,2.0
160.0,APJAL13-LC79-P9.15-SKC,1.0
161.0,APJAL13-LC79-P9.15-SKC,1.0
162.0,APJAL13-LC79-P9.15-SKC,1.0
163.0,APJAL13-LC92-P7.0,1.0
164.0,APJAL16-130-P10.0,3.0
165.0,APJAL16-65-P12,1.0
166.0,APJAL16-65-P12,1.0
167.0,EKSD20-20-P8.13,2.0
168.0,EKSD20-20-P7.3,2.0
169.0,EKDR22-20-P10.13-W10.13-R1.06,2.0
171.0,APJAL16-80-P11.5,1.0
172.0,APJAL16-80-P13.0,4.0
176.0,APJAL20-90-P14.1,3.0
177.0,APJAL20-90-P16.1,1.0
178.0,APJAL20-90-P16.1,2.0
179.0,APJAL8-70-P6.1,1.0
180.0,APJAL8-70-P6.28,1.0
181.0,APJAL8-70-P6.3,1.0
182.0,APJAL8-80-P6.00,1.0
183.0,EKDE22-20-P12.55-W7.40,2.0
184.0,EKSD16-LC10-P8.40,2.0
185.0,APJAL8-90-P5.06,1.0
186.0,APJAL8-90-P5.06,1.0
187.0,APJAL8-90-P5.06,5.0
188.0,APJAL8-LC50-P6.4,1.0
189.0,APJAL8-LC67-P6.3,1.0
190.0,APJAL8-LC67-P6.3,1.0
191.0,APJAL8-LC79-P5.26,1.0
192.0,EKSD25-20-P14.47,2.0
193.0,EKDE25-20-P12.28-W7.13,3.0
195.0,APJAS10-50-P7.1,1.0
196.0,APJAS10-50-P7.1,1.0
197.0,APJAS10-70-P7.1,1.0
198.0,APJAS10-70-P8.15,1.0
199.0,EKSD16-20-P7.07,2.0
200.0,EKSD20-20-P7.3,2.0
201.0,EKSD32-20-P18.47,2.0
202.0,APJAS10-LC64-P8.65,1.0
203.0,APJAS10-LC97-P7.25,1.0
204.0,APJAS13-124-P9.95,1.0
205.0,APJAS13-60-P6.1,1.0
206.0,APJAS13-60-P6.1,1.0
207.0,APJAS13-60-P6.2,2.0
208.0,APJAS13-60-P9.15,1.0
209.0,APJAS13-80-P11.1,1.0
210.0,APJAS13-80-P11.9,1.0
211.0,APJAS13-80-P11.9,4.0
212.0,APJAS16-80-P14.15,1.0
213.0,APJAS16-80-P14.5,1.0
214.0,APJAS16-80-P14.5,3.0
215.0,APJAS25-80-P24.18,4.0
216.0,APJAS8-80-P5.5-P7.1,1.0
217.0,APJEL10-70-P7.8-W6.3-SKC,1.0
218.0,APJEL10-80-P9.05-W5.05,1.0
219.0,APJEL10-80-P9.05-W5.05,1.0
220.0,APJEL10-80-P9.05-W5.05-SKC,1.0
221.0,APJEL10-80-P9.05-W5.05-SKC,1.0
222.0,APJEL10-80-P9.0-W5.0-SKC,1.0
224.0,APJEL13-105-P12.08-W7.08-SKC,4.0
225.0,APJEL13-108-P12.18-W7.08-SKC,9.0
226.0,APJEL13-110-P12.2-W6.2-SKC,4.0
227.0,APJEL13-119-P12.06-W7.06,2.0
228.0,APJEL13-123-P12.06-W8.06,2.0
229.0,EKSD16-20-P6.23,2.0
230.0,APJEL13-70-P12-W7,2.0
231.0,APJEL13-75-P12.0-W7.0,1.0
232.0,APJEL13-80-P11.05-W6.05,2.0
233.0,APJEL13-80-P11.05-W6.05-SKC,1.0
234.0,APJEL13-80-P11.05-W6.05-SKC,1.0
235.0,APJEL13-80-P12.16-W7.08-SKC,1.0
236.0,APJEL13-80-P12.16-W7.08-SKC,3.0
237.0,EKSD16-20-P5.53,2.0
238.0,EKDE25-20-P14.39-W10.24,2.0
240.0,EKDR25-20-P13.28-W6.13-R1.06,2.0
241.0,APJEL13-80-P9.41-W8.0-SKC,2.0
242.0,APJEL13-87-P12.15-W7.15-SKC,1.0
243.0,APJEL13-90-P7.82-W6.32,3.0
244.0,APJEL13-LC108-P11.95-W6.65-SKC,2.0
245.0,APJEL13-LC65-P8.1-W6.1-SKC,1.0
246.0,APJEL13-LC75.5-P11.58-W7.58-SKC,3.0
247.0,APJEL16-100-P14.1-W12.1,2.0
248.0,APJEL16-108-P12.08-W7.08-SKC,1.0
249.0,APJEL16-108-P12.08-W7.08-SKC,1.0
250.0,APJEL16-115-P12.06-W7.06-SKC,1.0
251.0,APJEL16-115-P12.06-W7.06-SKC,1.0
252.0,APJEL16-115-P12.06-W7.06-SKC,2.0
253.0,APJEL16-126-P13.1-SKC,3.0
257.0,APJEL16-130-P13.58-W10.9,2.0
258.0,APJEL16-130-P14.06-W10.06-SKC,1.0
259.0,APJEL16-65-P12.12-W10.08-SKC,1.0
260.0,APJEL16-65-P12.12-W8.08-SKC,1.0
261.0,APJEL16-73-P14.15-W12.15-SKC,1.0
263.0,APJEL16-95-P14-W6-SKC,3.0
264.0,APJEL16-LC55-P15.46-W12.10-SKC,1.0
265.0,APJEL20-123-P12.08-W8.08,2.0
266.0,APJEL20-123-P12.1-W8.1,2.0
267.0,EKSD20-20-P10.40,2.0
268.0,APJEL20-125-P12.18-W8.18-SKC,4.0
269.0,APJEL20-130-P18.08-W10.08-SKC,2.0
270.0,APJEL20-130-R18.08-W10.08-SKC,5.0
271.0,APJEL20-82-P17.7-W11.2,1.0
272.0,APJEL20-82-P17.7-W11.2,1.0
273.0,APJEL20-82-P17.7-W8.6,1.0
274.0,APJEL20-82-P17.7-W8.6,1.0
275.0,APJEL20-LC55-P18.46-W14.16-SKC,1.0
276.0,APJES10-64-P9.65-W8.65,1.0
277.0,APJES10-70-P7.78-W6.28,1.0
278.0,APJES10-70-P7.78-W6.28,1.0
281.0,APJES13-80-P10.1-W8.0,1.0
282.0,APJES13-97-P12.15-W7.15-SKC,1.0
283.0,APJES13-LC75-P12-W7,1.0
284.0,APJES16-70-P13.1-W7.5-KC90,1.0
285.0,APJES16-70-P13.1-W7.5-KC90,1.0
286.0,APJES16-70-P13-W7.5-KC90,1.0
287.0,APJES16-90-P13.58-W7.58-SKC,3.0
288.0,APJES16-LC54-P9.6-W8.6,1.0
289.0,APJRL13-120-P8.08-W6.08-R0.5,1.0
293.0,APJRL16-120-P8.08-W8.08-R1.0-SKC,1.0
294.0,APJRS13-65-P9-W6.05-R1.0,2.0
295.0,APJRS16-70-P10.1-W8.1,1.0
296.0,APJRS16-70-P10.1-W8.1-SKC,2.0
297.0,EKSD20-20-P7.3,2.0
298.0,APRL13-80-P9.56-W5.56-R1.03-SKC,1.0
299.0,APRL13-LC94-P8.46-W6.16-R0.58-SKC,2.0
300.0,APRS16-120-P8.08-W8.08-R1.0,2.0
301.0,APRS16-120-P8.08-W8.08-R1.0-SKC,7.0
302.0,APRS16-120-P8.08-W8.08-R1-SKC,1.0
303.0,ASD16-30-P6.12,3.0
304.0,ASD20-16-P9.1,4.0
305.0,ASD20-16-P9.18,2.0
306.0,ASD20-30-P8.15,1.0
307.0,ASD20-30-P8.15,1.0
308.0,ASD20-30-P8.15,2.0
309.0,ASDE25-16-P11.56-W8.86,3.0
310.0,ASDE25-20-P10.5-W8.6,2.0
311.0,ASDE25-20-P10.5-W8.6,4.0
312.0,A-SJAL8-50-P6.05,1.0
313.0,A-SJAX10-65-P6.55,4.0
314.0,A-SJAX10-LC65-P6.55,1.0
315.0,B-EBJAXS10-90-P5.5,1.0
316.0,EBJAS20-90-P16,1.0
317.0,EBPAL10-80-P7.1,1.0
318.0,EDE22-30-P12.26-W7.16-SKC,1.0
319.0,EHD20-30-P9.9-W8.88-SKC,1.0
320.0,EHDE13-20-P7.8-W7.3-SKC,8.0
322.0,EHDE20-30-P9.30-W6.80-SKC,1.0
323.0,EHDE22-30-P12.30-W7.3-SKC,1.0
324.0,EHDE22-30-P12.96-W7.4-SKC,1.0
325.0,EHDE22-35-P12.35-W7.2,2.0
327.0,EHDE25-30-P15.96-W12.58-SKC,1.0
328.0,EHDE25-LC34.2-P12.20-W7.2-SKC,1.0
329.0,EHDR20-25-P8.78--W7.28-SKC,2.0
330.0,EHDR22-30-P9.3-W5.3-R0.65,2.0
332.0,EKD25-20-P14.49-W12.24,1.0
333.0,EKDE16-20-P6.1-W5.1-R0.5,2.0
334.0,EKDE16-20-P8.35-W6.05,1.0
335.0,EKDE20-20-P10.25-W8.15,3.0
336.0,EKDE20-20-P10.4-W4.4,1.0
337.0,EKDE20-20-P10.4-W8.4,1.0
338.0,EKDE20-20-P12.26-W7.16,1.0
339.0,EKDE20-25-P10.13-W8.13,1.0
340.0,EKDE20-25-P10.27-W8.12,1.0
341.0,EKDE20-25-P10.5-W8.2,1.0
342.0,EKDE22-16-P12.3-W11.0,1.0
343.0,EKDE22-20-P12.25-W7.25,2.0
344.0,EKDE22-20-P12.26-W7.21,1.0
345.0,EKDE22-20-P12.36-W10.16,1.0
346.0,EKDE22-20-P12.36-W8.06,1.0
347.0,EKDE22-20-P12.49-W7.24,1.0
348.0,EKDE22-20-P13.4-W7.9,1.0
349.0,EKDE22-22-P10.1-W8.1,1.0
350.0,EKDE22-25-P10.17-W8.17,2.0
351.0,EKDE22-25-P10.27-W8.12,1.0
352.0,EKDE22-25-P10.27-W8.12,1.0
353.0,EKDE22-25-P12.94-W11.19,1.0
354.0,EKDE22-30-P12.0-W6.61,1.0
355.0,EKDE22-30-P12.10-W6.66,2.0
356.0,EKDE22-30-P12.1-W6.66,1.0
357.0,EKDE22-30-P12.1-W6.66,2.0
358.0,EKDE22-30-P12.2-W7.1,1.0
359.0,EKDE22-30-P12.38-W7.23,1.0
360.0,EKDE22-30-P12.38-W7.23,3.0
361.0,EKDE22-30-P12.38-W7.23,3.0
362.0,EKDE22-30-P12.38-W8.16,1.0
363.0,EKDE22-30-P12.38-W8.16,2.0
364.0,EKDE22-30-P12.38-W8.16,2.0
365.0,EKDE22-30-P12.3-W7.1,1.0
366.0,EKDE25-20-P14.06-W10.06,1.0
367.0,EKDE25-20-P15.07-W10.07,1.0
368.0,EKDE25-25-P13.94-W9.24,1.0
369.0,EKDE32-25-P18.24-W16.24,2.0
370.0,EKDE45-25-P30.24-W15.24,2.0
371.0,EKDR13-20-P6.1-W5.1-R0.5,3.0
372.0,EKDR13-20-P6.1-W5.4-R0.5,1.0
373.0,EKDR16-20-P6.1-W5.1-R0.5,1.0
374.0,EKDR16-20-P6.1-W5.1-R0.5,1.0
375.0,EKDR20-16-P9.58-W9.58-R2.34,1.0
376.0,EKDR20-20-P9.14-W9.14-R2.30,3.0
377.0,EKDE22-20-P10.22-W7.07,2.0
378.0,EKDR16-20-P7.13-W7.13-R0.56,3.0
379.0,EKDR22-16-P9.6-W9.6-R2.35,1.0
380.0,EKDR22-16-P9.6-W9.6-R2.35,1.0
381.0,EKDR22-22-P8.79-W8.79-R0.65,1.0
382.0,EKDR45-25-P26.24-W16.24-R0.63,10.0
383.0,EKDR50-25-P34.24-W16.24-R0.63,14.0
384.0,EKPE16-25-P10.2-W8.05,1.0
385.0,EKSD10-10-P5.19,1.0
386.0,EKSD10-20-P4.2,4.0
387.0,EKSD10-25-P4.2,1.0
388.0,EKSD10-25-P4.2,1.0
389.0,EKSD10-25-P5.6,1.0
390.0,EKSD10-25-P5.6,3.0
391.0,EKSD13-16-P6.29,1.0
392.0,EKSD13-16-P6.29,9.0
393.0,EKSD13-16-P6.35,1.0
394.0,EKSD13-16-P7.9,2.0
395.0,EKSD13-20-P4.68,1.0
396.0,EKSD22-20-P11.13,2.0
397.0,EKSD13-20-P6.2,1.0
398.0,EKSD13-20-P7.05,1.0
400.0,EKSD13-30-P7.28,1.0
401.0,EKSD16-10-P9.27,1.0
402.0,EKSD16-16-P8.15,1.0
403.0,EKSD16-20-P6.24,1.0
404.0,EKSD16-20-P7.05,1.0
405.0,EKSD16-20-P7.18,1.0
406.0,EKSD16-20-P7.27,1.0
408.0,EKSD16-20-P8.02,1.0
409.0,EKSD16-20-P8.06,1.0
410.0,EKSD16-20-P8.1,1.0
411.0,EKSD16-20-P8.15,1.0
412.0,EKSD16-20-P8.15,3.0
413.0,EKSD16-20-P8.23,1.0
414.0,EKSD16-20-P8.23,2.0
415.0,EKSD16-20-P8.24,1.0
416.0,EKSD16-20-P8.43,1.0
417.0,EKSD16-20-P8.43,1.0
418.0,EKSD16-20-P9.15,1.0
419.0,EKSD16-25-P6.22,2.0
420.0,EKSD16-25-P8.07,1.0
421.0,EKSD16-25-P8.07,4.0
422.0,EKSD16-30-P3.23,1.0
423.0,EKSD16-30-P8.16,2.0
424.0,EKSD16-30-P8.23,7.0
425.0,EKSD16-32-P7.8,1.0
426.0,EKSD16-32-P8.0,1.0
427.0,EKSD16-32-P8.1,1.0
428.0,EKSD20-16-P11.0,1.0
429.0,EKSD20-16-P11.90,1.0
430.0,EKSD20-16-P11.90,1.0
431.0,EKSD20-20-P10.15,1.0
432.0,EKSD20-20-P10.24,2.0
433.0,EKSD20-20-P10.3,1.0
434.0,EKSD20-20-P7.14,1.0
435.0,EKSD20-20-P7.3,1.0
436.0,EKSD20-20-P8.15,1.0
437.0,EKSD20-20-P8.21,1.0
438.0,EKSD20-20-P8.21,4.0
439.0,EKSD20-20-P9.3,1.0
440.0,EKSD20-20-P9.3,2.0
441.0,EKSD20-22-P10.24,1.0
442.0,EKSD20-22-P10.24,2.0
443.0,EKSD20-25-P8.05,1.0
444.0,EKSD20-25-P8.05,1.0
445.0,EKSD20-25-P8.11,1.0
446.0,EKSD20-25-P8.11,1.0
447.0,EKSD20-30-P10.23,1.0
448.0,EKSD22-20-P10.14,1.0
449.0,EKSD22-20-P8.18,1.0
450.0,EKSD22-20-P9.24,1.0
451.0,EKSD22-25-P8.15,1.0
452.0,EKSD22-30-P11.73,2.0
453.0,EKSD22-30-P11.73,3.0
454.0,EKSD22-32-P11.6,1.0
455.0,EKSD25-16-P14.25,2.0
456.0,EKSD25-20-P14.25,2.0
457.0,EKSD25-20-P14.25,2.0
458.0,EKSD25-20-P14.25,2.0
459.0,EKSD25-22-P12.24,1.0
460.0,EKSD25-28-P10.17,2.0
461.0,EKSD25-30-P14.58,6.0
462.0,EKSD32-22-P17.62,2.0
463.0,EKSD32-25-P16.34,1.0
464.0,EKSD38-20-P25.24,1.0
465.0,EKSDSD13-20-P7.05,1.0
466.0,ELJAS10-80-P8.75,1.0
467.0,ELJAS10-80-P8.75,2.0
468.0,ELJAS10-90-P5.0,1.0
469.0,ELJAS10-90-P5.0,1.0
470.0,ELJAS10-90-P5.0,1.0
471.0,ELJAS10-90-P5.0,1.0
472.0,ELJAS10-90-P8.1,1.0
473.0,ELJAS13-63-P10.25,1.0
474.0,ELJAS13-80-P10.25,1.0
475.0,ELJAS13-80-P10.25,1.0
476.0,ELJAS13-80-P10.25,1.0
477.0,ELJAS13-80-P10.25,1.0
478.0,ELJAS13-80-P10.25,5.0
479.0,EKSD22-20-P10.07,2.0
480.0,EKSD32-20-P15.40,2.0
481.0,ELPAS10-80-P8.1,1.0
482.0,ELPAS10-80-P8.1,1.0
483.0,ELPAS10-80-P8.1,2.0
484.0,ELPE13-LC84-P12.15-W7.1,2.0
485.0,ELPEL13-84-P12.15-W7.1,2.0
487.0,ELPJAS10-90-P5.5,2.0
488.0,ELPRS13-90-P7.0-W7.0,1.0
489.0,ELPRS13-90-P7.0-W7.0,1.0
490.0,ELPRS16-80-P11.2-W7.1,1.0
492.0,EMDE20-25-P8.7-W7.2-SKC,1.0
493.0,EMDE38-25-P20.24-W15.24,2.0
494.0,EMHD13-25-P6.78-SKC,2.0
495.0,EMHD13-25-P7.2,1.0
497.0,EKSD22-20-P10.3,2.0
498.0,EMHD13-30-P6.8,1.0
499.0,EMHD16-25-P8.17,1.0
500.0,EMHD16-30-P6.06,1.0
501.0,EMHD16-35-P6.18,1.0
502.0,EMHD16-35-P6.35,2.0
503.0,EMHD20-16-PC6.60,1.0
504.0,EMHD20-25-P8.2,1.0
505.0,EMHD20-35-P10.19-SKC,2.0
506.0,EMHD20-35-P10.3,2.0
507.0,EMHD20-35-P9.16,1.0
508.0,EMHD20-LC38-P8.56,1.0
509.0,EMHD22-25-P9.28,1.0
510.0,EMHD22-30-P10.25,1.0
511.0,EMHD22-30-P10.35,1.0
512.0,EMHD22-30-P9.16,1.0
513.0,EMHD22-35-P13.2-SKC,1.0
514.0,EMHD32-25-P16.22,1.0
515.0,EMHD40-29-P22.48-W11.38,5.0
516.0,EMHDE25-25-P10.58,1.0
517.0,EKSD13-20-P6.13,2.0
518.0,EMSD16-20-P8.28,2.0
519.0,EMSD16-20-P9.19,1.0
520.0,EMSD16-22-P8.4,1.0
521.0,EMSD16-25-P7.22,1.0
522.0,EMSD16-25-P9.35,1.0
523.0,EMSD20-20-P10.06,1.0
524.0,EMSD20-20-P10.07,1.0
525.0,EMSD20-20-P7.24,1.0
526.0,EMSD20-20-P9.24,1.0
527.0,EMSD20-20-P9.24,1.0
528.0,EMSD20-22-10.4,1.0
529.0,EMSD20-22-P8.86,1.0
530.0,EMSD20-30-P9.36,1.0
531.0,EKSD16-20-P8.28,2.0
532.0,EMSD22-20-P12.24,2.0
533.0,EPLAS13-90-P12,1.0
534.0,GH-SHEL10-80-P8.58-W7.08,1.0
535.0,GH-SHEL10-80-P8.58-W7.08,2.0
536.0,GPJAR32-25-80-P25.04,1.0
537.0,EKDR13-20-P5.95-W4.3-R1.15,2.0
538.0,EKSD25-20-P13.35,2.0
539.0,EKSD22-20-P11.07,3.0
540.0,EKSD16-20-P5.80,2.0
541.0,G-SJAL10-80-P5.98,2.0
542.0,G-SJAL13-75-P9.05,3.0
543.0,G-SJAL16-80-P13.1,2.0
544.0,G-SJAL8-80-P4.55,1.0
545.0,G-SJAL8-80-P4.55,4.0
546.0,G-SJAL8-80-P4.96,1.0
547.0,G-SJAL8-80-P4.98,2.0
548.0,G-SJAL8-80-P4.98,3.0
549.0,G-SJAX13-71-P10.05,2.0
552.0,G-SJAX13-80-P7.15,3.0
553.0,G-SJDL13-LC53-P9.0-W5.0,1.0
554.0,G-SJE16-100-P12-W7.0,2.0
555.0,G-SJEL10-80-P6.9-W4.1-R0.5,4.0
556.0,G-SJEL10-98-P8.98-W6.43,2.0
557.0,G-SJEL13-55-P10-W8,1.0
558.0,G-SJEL13-70.00-P10.06-W8.06,1.0
559.0,G-SJEL13-70-P11.05-W6.05,2.0
560.0,G-SJEL13-74-P12.05-W10.03,1.0
561.0,G-SJEL13-80-P7.68-W7.18,3.0
562.0,G-SJEL13-80-P8.08-W6.08,1.0
563.0,G-SJEL13-80-P8.08-W6.08,2.0
565.0,G-SJEL13-80-P8.56-W7.06-SKF5.5,3.0
566.0,G-SJEL13-80-P8.65-W6.75,2.0
567.0,G-SJEL13-90-P8.48-W6.48,5.0
568.0,G-SJEL13-90-P9.0-W7.0,1.0
569.0,G-SJEL13-LC65.00-P8.10-W6.10,1.0
570.0,G-SJEL13-LC65-P8.1-W6.1,1.0
571.0,G-SJEL13-LC86-P7.68-W7.18,6.0
572.0,G-SJEL16-100-P12.0-W7.0,2.0
573.0,G-SJEL16-100-P12.4-W7.08,2.0
574.0,G-SJEL16-60-P12.6-W9.2,4.0
575.0,G-SJEL16-64-P8.4-W6.28,1.0
576.0,G-SJEL16-70-P12-W7,4.0
577.0,G-SJEL16-75-P10.26-W8.76,2.0
578.0,G-SJEL16-82-P14.08-W10.08,2.0
580.0,G-SJEL16-LC95.0-P14.38-W12.08,2.0
581.0,G-SJEL20-85-P12-W7,2.0
582.0,G-SJES10-50-P7-W6.2,1.0
583.0,G-SJES10-60-P6.5-W5.5,1.0
585.0,G-SJES13-80.00-P12.3-W7.10,1.0
586.0,G-SJES13-80-P10-W8.1,4.0
588.0,G-SJES13-80-P12.3-W7.1,1.0
589.0,G-SJES13-80-P12.3-W7.1,1.0
590.0,G-SJES16-50-P10.05-W8.05,2.0
591.0,G-SJES16-50-P10.05-W8.05,2.0
592.0,G-SJES16-67-P11.08-W9.08,1.0
593.0,G-SJES16-80-P11.52-W7.4,1.0
594.0,G-SJES16-80-P11.52-W7.4,1.0
595.0,EKDE22-20-P12.45-W7.3,2.0
596.0,G-SJES16-85-P12-W10,2.0
597.0,G-SJEX10-65-P8.05-W6.55,1.0
598.0,G-SJEX10-77-P8.42-W6.21,1.0
599.0,G-SJEX10-77-P8.42-W6.21,2.0
600.0,G-SJEX10-95-P8.56-W6.58,2.0
601.0,G-SJEX13-80-P12.4-W7.2,1.0
602.0,G-SJEX13-80-P12.4-W7.2,1.0
603.0,G-SJEX13-80-P8.08-W6.05,2.0
604.0,G-SJEX13-80-P8.08-W6.05,3.0
605.0,G-SJEX13-88-P12.08-W7.08,1.0
606.0,G-SJRL10-70-P6.15-W4.65,1.0
607.0,G-SJRL10-95-P9.1-W5.1-R1.0,1.0
608.0,G-SJRL10-95-P9.1-W5.1-R1.0,1.0
609.0,G-SJRL13-50-P8.6-W6.1,1.0
610.0,G-SJRL13-82-P10-W5-R0.5,4.0
611.0,EKSD25-20-P14.24,2.0
612.0,G-SJRL13-95-P9.0-W5.0-R1.0,2.0
613.0,EKSD20-20-P7.3,2.0
614.0,EKSD22-20-P13.20,2.0
615.0,G-SJRL8-70-P6.58-W4.08,2.0
616.0,G-SJRL8-70-P6.58-W4.08-R0.5,3.0
617.0,G-SJRL8-80-P6.5-W4.15-R0.5,4.0
618.0,G-SJRS10-70-P6.15-W4.65-R0.5,1.0
619.0,G-SJRS10-LC53-P6.5-W4.1-R0.3,1.0
620.0,G-SJRS13-50-P9.3-W5.1-R0.5,1.0
621.0,G-SPAS13-LC56-P9.78,1.0
622.0,G-SPEL10-70-P8.8-W6.3,1.0
623.0,G-SPEL10-90-P9.1W5.1-R1.0,1.0
624.0,EKSD20-20-P10.20,2.0
625.0,G-SPEL13-100-P10.06-W8.06,1.0
626.0,G-SPEL13-65-12.7-W7.1,2.0
627.0,G-SPEL13-70-P12.1-W7.0,2.0
628.0,G-SPEL13-80-P7.55-W6.05,2.0
629.0,G-SPEL13-82-P10-W8.1,1.0
630.0,G-SPEL13-86-P7.68-W7.18,1.0
632.0,G-SPEL13-LC86-P7.68-W7.18,3.0
633.0,G-SPEL13-LC87-P9-W7,1.0
634.0,G-SPEL16-65-P13-W9,1.0
635.0,G-SPEL16-65-P14.05-W9.55,1.0
636.0,G-SPEL16-65-P14.05-W9.55,1.0
637.0,G-SPEL16-80-P10.5-W8.5,1.0
638.0,G-SPEL16-90-P12.1-W7.05,1.0
639.0,G-SPEL16-LC65-P11.08-W9.08,2.0
640.0,G-SPEL16-LC65-P13.15-W8.65,1.0
641.0,G-SPEL16-LC82-P12.06-W7.06,1.0
642.0,G-SPEL16-LC85-P12.08-W7.08,2.0
643.0,G-SPEL16-LC95-P14.36-W12.08,2.0
644.0,G-SPES10-60-P6.05-W5.55-SKC,1.0
645.0,G-SPES10-80-P8.58-W7.08,1.0
646.0,G-SPES13-50.00-P12.06-W7.06,1.0
647.0,G-SPES13-50-P12.06-W7.06,1.0
648.0,G-SPES13-LC65.00-P12.80-W6.58,1.0
649.0,G-SPES13-LC65.00-P12.80-W6.58,1.0
650.0,G-SPES13-LC65-P12.08-W6.58,1.0
651.0,G-SPES16-60-P12.6-W9.2,4.0
652.0,G-SPES16-LC44.50-P12.40-W7.18,2.0
653.0,G-SPEX10-LC77-P4.2-W6.21,1.0
654.0,EKDE25-20-P14.45-W10.3,2.0
655.0,EKSD22-20-P11.32,2.0
656.0,G-SPEX13-90-P10.2-W7.2,1.0
657.0,G-SPEX13-90-P10.2-W7.2,3.0
658.0,G-SPR10-LC75-P6.5-W4.0-R0.5,2.0
659.0,G-SPR13-80-P9.3-W5.3-R1.0,1.0
660.0,EKSD25-20-P13.35,2.0
661.0,EKDE22-20-P12.45-W7.3,2.0
662.0,G-SPRL10-80-P9-W5-R1.0,2.0
663.0,G-SPRL10-85-P7.04-W3.54-R1.02,2.0
664.0,G-SPRL10-90-P9.1-W5.1-R1.0,1.0
665.0,G-SPRL10-LC75-P6.5-W4.0-R0.5,1.0
666.0,G-SPRL10-LC75-P6.5-W4.0-R0.5,1.0
667.0,G-SPRL10-LC75-P6.5-W4.0-R0.5,1.0
668.0,G-SPRL13-60-P9.10-W5.1-R0.5,2.0
669.0,G-SPRL13-LC62-P9.15-W5.15,2.0
670.0,G-SPRS20-80-P15.28-W8-R1,2.0
671.0,G-SPRX10-95-P9.1-W5.1-R0.8,1.0
672.0,G-SPRX13-72-P9.1-W5.1-R0.3,3.0
673.0,G-SPRX13-85-P9.06-W5.6-R0.53,1.0
674.0,G-SPRX13-85-P9.06-W5.6-R0.53,1.0
675.0,G-SPRX13-LC46-P9.20-WC5.20-R1.05,1.0
677.0,G-SPRX13-LC85-P9.06-W5.6-R0.53,1.0
678.0,GW-PHRL13-90-P6.55-W4.05-R0.5,4.0
679.0,GW-SJAL10-80-P5.05,1.0
680.0,GW-SJES13-90-P9.0-W7.0,2.0
681.0,GW-SPAL8-80-P5.08,1.0
682.0,H-APJAL10-87-P6.34,1.0
683.0,H-APJAL13-87-P8.12,2.0
684.0,H-APJAL25-LC73-P23.15,2.0
685.0,H-APJAL8-90-P5.0,1.0
686.0,H-APJAL8-90-P5.06,1.0
687.0,H-APJAL8-90-P5.06,1.0
688.0,H-APJAS10-LC73-P5.0,1.0
689.0,H-APJAS10-LC73-P5.0,1.0
690.0,H-APJAS10-LC73-P8.05,1.0
691.0,H-APJAS8-80-P5.5,1.0
692.0,H-APJAS8-80-P5.6-SKC,1.0
693.0,H-APJEL13-LC87-P7.82-W6.32-SKC,2.0
694.0,H-APJEL16-80-P11.3-W8,1.0
695.0,H-APJEL16-80-P13.7-W8,1.0
696.0,H-APJEL16-80-P13.7-W8,1.0
697.0,H-APJL8-90-P5.06,1.0
698.0,HDE13-30-P7.06-W6.5,2.0
699.0,HDE13-30-P7.06-W6.5-SKC,4.0
700.0,HDE13-30-P7.0-W5.0-SKC,1.0
701.0,HDE16-30-P8.70-W6.70-SKC,2.0
702.0,HDE16-30-P8.7-W6.7-SKC,2.0
703.0,HDE20-20-P10.14-W8.14,2.0
704.0,HDE20-25-P11-W7.28,2.0
705.0,HDE20-30-P11-W7.28,1.0
706.0,HDE20-30-P9.30-W6.80-SKC,2.0
707.0,HDE20-40-P10.5-W8.3-SKC,1.0
708.0,HDE20-69-P12.3-W8.25-SKC,2.0
709.0,EKDE25-20-P14.55-W10.40,2.0
710.0,EKSD16-20-P6.40,2.0
711.0,EKSD25-20-P13.40,2.0
712.0,HDE22-25-P12.44-W7.34-SKC,2.0
713.0,HDE22-30-P12.42-W7.37-SKC,2.0
714.0,HDE22-30-P9.25-W5.25,1.0
715.0,HDE22-30-P9.35-W5.35-SKC,4.0
716.0,HDE22-32-P12.12-W7.12-SKC,2.0
717.0,HDE22-35-P11.67-W7.52,2.0
718.0,HDE22-35-P12.31-W7.24,2.0
719.0,HDE22-35-P12.31-W7.24-SKC,1.0
720.0,HDE22-35-P12.52-W7.52,1.0
721.0,HDE22-35-P9.16-W6.66-SKC,2.0
722.0,HDE22-LC26-P12.60-W7.35-BC4,2.0
723.0,HDE22-LC33-P12.20-W7.2-SKC,2.0
724.0,HDE25-.0-P12.32-W7.32,1.0
725.0,HDE25-22-P12.53-W7.2,2.0
726.0,HDE25-25-P12.5-W6.5,4.0
727.0,HDE25-25-P12.95-W8.10,1.0
728.0,HDE25-30-P11.35-W6.35,1.0
729.0,HDE25-30-P11.35-W6.35,2.0
730.0,HDE25-35-P12.36-W7.26-SKC,2.0
731.0,HDE25-35-P9.26-W6.76-SKC,2.0
732.0,HDE25-40-P12.2-W7.20-SKC,2.0
733.0,HDE25-P12.7-W7.6-SKC,1.0
734.0,HDE32-30-P11.4-W8.1,1.0
735.0,HDR13-30-P6.04-W2.94-R0.54-SKC,1.0
736.0,HDR13-30-P6.78-W4.28-R0.64,2.0
737.0,HDR13-30-P6.78-W4.28-R0.64,2.0
738.0,HDR16-30-P9.22-W5.22-W0.86-SKC,1.0
739.0,HDR20-30-P9.3-W5.3-R0.65-SKC,1.0
740.0,HDR20-35-P9.16-W4.66-R1.16-SKC,4.0
741.0,HDR20-35-P9.23-W4.73-R1.12-SKC,1.0
742.0,HDR20-35-P9.26-W5.26-R0.96,1.0
743.0,HDR20-35-P9.33-W5.33-R0.92-SKC,1.0
744.0,HDR22-35-P9.33-W5.33-R0.66-SKC,1.0
745.0,HDR25-30-P10.12-W5.12-R0.62-SKC,4.0
746.0,HDR25-32-P9.20-W5.20-R1.11,3.0
747.0,HDR25-32-P9.22-W5.22-R1.11-SKC,2.0
748.0,HPEL16-110.0-P10.40-W8.08,1.0
749.0,H-PJAS20-70-16.0,2.0
750.0,H-PJEL13-80-P11.2-W8.0,1.0
751.0,H-PJEL20-80-P16.4-W10.0,1.0
752.0,H-SJAL8-80-P4.96,1.0
753.0,H-SJAS13-70-P10.02,1.0
754.0,H-SJAS8-LC85-P5.6,2.0
755.0,H-SPAS10-70-P6.03,1.0
756.0,H-SPAS10-80-P8.0,1.0
757.0,H-SPEL-C13-LC125-P10.05-W8.05,1.0
758.0,KDES20-25-P10.07-W8.07,1.0
759.0,KDES20-25-P10.07-W8.07,3.0
760.0,KDR22-25-P9.6-W9.6-R2.35,4.0
761.0,KSD16-25-P8.12,3.0
762.0,MGD13-25-P6.07,1.0
763.0,MH22-30-P13.8,1.0
765.0,MHD10-30-P50,1.0
766.0,MHD10-35-P5.26,1.0
767.0,MHD10-35-P5.34,1.0
768.0,MHD10-LC34-P5.44,1.0
769.0,MHD13-20-P6.3,1.0
770.0,MHD13-25-P5.17,1.0
771.0,MHD13-30-P3.8,1.0
772.0,MHD13-30-P3.80,1.0
773.0,EKDE20-20-P11.28-W7.13,2.0
774.0,MHD13-30-P5.95-SKC,3.0
776.0,EKDR20-20-P8.55-W6.40-R0.60,1.0
779.0,MHD13-30-P6.95,1.0
780.0,MHD13-30-P6.95,1.0
781.0,SJEL-C38-90-P31.93-W30.00,2.0
782.0,MHD13-35-P5.66,1.0
783.0,MHD13-35-P5.66,1.0
784.0,MHD13-35-P5.66,1.0
785.0,MHD13-35-P5.66,1.0
786.0,MHD13-35-P5.66,1.0
787.0,MHD13-35-P5.66,3.0
788.0,MHD13-35-P5.86,1.0
789.0,MHD13-35-P5.86,1.0
790.0,SJAL8-90-P5.00,2.0
791.0,MHD16-20-P6.7,1.0
792.0,MHD16-23-P6.6,2.0
793.0,MHD16-25-P9.22-KC,1.0
794.0,SJEL-C38-90-P37.00-W34.00,2.0
795.0,MHD16-30-P5.64-SKC,2.0
796.0,MHD16-30-P6.18,1.0
797.0,MHD16-30-P6.4,1.0
798.0,MHD16-30-P6.65,2.0
799.0,MHD16-30-P6.8,1.0
801.0,MHD16-30-P6.80,1.0
802.0,MHD16-30-P6.82,1.0
803.0,MHD16-30-P6.9,1.0
804.0,MHD16-30-P8.25,1.0
805.0,SJEL 16-80-P14.15-W10.00-SKC,2.0
806.0,SJEL16-90-P11.15-W7.00-SKC,2.0
807.0,APJRL13-90-P9.15-W8.00-R2.5-SKC,2.0
808.0,SJRL16-100-P7.00-W7.00-R0.5-SKC,3.0
809.0,MHD16-30-P8.36-KC,1.0
810.0,APJAL16-90-P12.00,3.0
811.0,MHD16-30-P8.45,2.0
812.0,MHD16-30-P8.69,1.0
813.0,MHD16-30-P8.69,2.0
814.0,MHD16-31.5-P7.15-SKC,2.0
815.0,MHD16-31-P6.2,2.0
816.0,MHD16-32-P6.28,1.0
817.0,MHD16-32-P6.28,1.0
818.0,MHD16-32-P6.66,1.0
819.0,MHD16-32-P6.66,1.0
820.0,APJAL20-100-P14.15,2.0
821.0,MHD16-35-P5.46,1.0
822.0,MHD16-35-P6.06,3.0
823.0,MHD16-35-P6.09,4.0
824.0,MHD16-35-P6.15,5.0
825.0,MHD16-35-P6.28,1.0
826.0,MHD16-35-P6.37,1.0
827.0,MHD16-35-P6.72,2.0
828.0,MHD16-35-P6.81,3.0
829.0,MHD16-35-P6.9,3.0
830.0,MHD16-35-P8.09,1.0
831.0,MHD16-35-P8.18-SKC,1.0
832.0,MHD16-35-P8.3,1.0
833.0,MHD16-35-P8.35,1.0
834.0,MHD16-35-P8.35,2.0
835.0,MHD16-35-P8.38,1.0
836.0,MHD16-35-P8.38,1.0
837.0,MHD16-40-P6.6,1.0
838.0,MHD16-40-P8.5,1.0
839.0,APJEL20-90-P16.15-W11.00-SKC,2.0
840.0,MHD16-45-P9.13,1.0
841.0,MHD16-69-P7.25,1.0
842.0,MHD16-69-P7.25,1.0
843.0,SJAL16-90-P11.00,3.0
844.0,MHD20-16-P8.1,1.0
845.0,MHD20-20-P9.6,1.0
846.0,MHD20-25-P8.3,0.0
847.0,MHD20-25-P8.33,1.0
848.0,MHD20-25-P8.35,2.0
849.0,MHD20-25-P8.4,2.0
850.0,MHD20-30-P10.08,1.0
851.0,MHD20-30-P10.70,1.0
852.0,MHD20-30-P11.44,1.0
854.0,MHD20-30-P8.13,1.0
855.0,MHD20-30-P8.37,3.0
856.0,MHD20-30-P8.8,1.0
857.0,MHD20-30-P8.88,1.0
859.0,MHD20-35-P10.3,3.0
860.0,MHD20-35-P10.48,1.0
861.0,SJEL16-90-P12.15-W7.00-SKC,3.0
862.0,MHD20-35-P10.48,9.0
863.0,APJAL13-90-P7.00,2.0
864.0,MHD20-35-P8.15,2.0
865.0,MHD20-35-P8.21,3.0
866.0,MHD20-35-P8.23,1.0
867.0,MHD20-35-P8.36,1.0
868.0,MHD20-35-P8.38,1.0
869.0,MHD20-35-P8.45,3.0
870.0,MHD20-35-P8.9,1.0
872.0,MHD20-40-P8.45,2.0
873.0,MHD20-40-P8.6,1.0
874.0,APJAL16-100-P11.00,3.0
875.0,MHD20-40-PC6.7-SKC,1.0
876.0,MHD20-45-P10.13,1.0
877.0,MHD20-69-P8.25,1.0
878.0,MHD20-69-P8.25,1.0
879.0,MHD20-LC38-P8.56,1.0
880.0,MHD22-16-P9.25,1.0
881.0,MHD22-20-P13.26,1.0
882.0,MHD22-20-P13.45,1.0
884.0,MHD22-30-P11.44,1.0
885.0,MHD22-30-P11.44,2.0
886.0,MHD22-30-P12.08,1.0
887.0,MHD22-30-P12.68,1.0
888.0,MHD22-30-P12.78,5.0
889.0,MHD22-30-P12.8,1.0
890.0,MHD22-30-P12.8,2.0
891.0,MHD22-30-P12.9,1.0
892.0,MHD22-30-P12.9,2.0
893.0,MHD22-30-P13.25,1.0
894.0,MHD22-30-P8.15,1.0
895.0,MHD22-30-P8.15,1.0
896.0,MHD22-30-P8.32,1.0
897.0,MHD22-30-P8.35,2.0
898.0,MHD22-30-P8.35,2.0
899.0,MHD22-30-P9.16,1.0
900.0,MHD22-30-P9.8,1.0
901.0,MHD22-35-P10.12,1.0
902.0,MHD22-35-P10.48,1.0
903.0,MHD22-35-P10.48,1.0
904.0,MHD22-35-P10.48,2.0
905.0,MHD22-35-P12.24,1.0
906.0,SJAL10-90-P7.00,2.0
907.0,MHD22-35-P8.2,1.0
908.0,MHD22-35-P8.21,1.0
909.0,MHD22-35-P8.25,1.0
910.0,MHD22-35-P8.25,2.0
911.0,MHD22-35-P8.25,3.0
912.0,MHD22-35-P9.1,1.0
913.0,MHD22-35-P9.16,2.0
914.0,MHD22-40-PC7.72-SKC,1.0
915.0,MHD22-64.6-P12.25-SKC,1.0
916.0,MHD22-64.6-P12.75-SKC,1.0
917.0,MHD22-LC38-P8.64,2.0
918.0,MHD25-20-P11.7,1.0
919.0,MHD25-25-P10.58,1.0
920.0,MHD25-30-P10.08,3.0
921.0,MHD25-30-P10.65,1.0
922.0,MHD25-30-P10.65,2.0
923.0,MHD25-30-P10.65,4.0
924.0,MHD25-30-P10.8,1.0
925.0,MHD25-32-P13.13,6.0
926.0,MHD25-35-P13.38,3.0
927.0,MHD25-40-P10.25,2.0
928.0,MHD25-45-P15,2.0
929.0,MHD25-45-P15.0,2.0
930.0,MHD38-30-P26,1.0
931.0,MHD8-35-P4,1.0
932.0,MPHAL20-96-P14,2.0
933.0,MSD13-LC13-P6.58,1.0
934.0,MSD13-LC13-P6.58-PC,1.0
935.0,MSD16-16-P8.09,1.0
936.0,MSD16-20-P6.4,1.0
937.0,MSD16-20-P7.4,3.0
938.0,MSD16-20-P8.1,1.0
939.0,MSD16-25-P6.87,1.0
940.0,MSD16-25-P6.87,1.0
941.0,MSD16-25-P6.87,1.0
942.0,MSD16-25-P6.87,1.0
943.0,MSD16-25-P6.87,1.0
944.0,MSD16-25-P6.87,1.0
945.0,MSD16-25-P8.24,2.0
946.0,MSD16-25-P9.22,1.0
947.0,MSD16-30-P6.22,1.0
948.0,MSD16-30-P7.27,1.0
949.0,MSD16-30-P8.23,1.0
950.0,MSD16-30-P8.23,2.0
951.0,MSD16-30-P8.28,2.0
952.0,MSD16-35-P6.3,2.0
953.0,MSD16-35-P7.3,1.0
954.0,MSD16-35-P7.45,1.0
955.0,MSD16-35-P8.27,1.0
956.0,MSD16-35-P9.36,1.0
957.0,MSD16-40-P6.3,4.0
958.0,MSD16-LC12-P6.7,1.0
959.0,MSD16-LC13-P8.45,1.0
960.0,MSD16-LC13-P8.45,1.0
961.0,MSD20-20-P9.6,1.0
962.0,MSD20-22-P9.47,1.0
963.0,MSD20-30-P8.56,1.0
964.0,MSD20-30-P9.28,3.0
965.0,MSD20-35-P10.1,1.0
966.0,SPAL6-LC75-P2.0-KC,2.0
967.0,MSD20-40-P10.56,3.0
968.0,MSD20-LC10-P6.28,1.0
969.0,MSD20-LC10-P6.28,1.0
970.0,MSD20-LC10-P6.28,5.0
971.0,MSD20-LC10-P6.28-PC,1.0
972.0,MSD20-LC14-P9.6,1.0
973.0,MSD22-16-P11.9,1.0
974.0,MSD22-25-P11.15,1.0
975.0,MSD25-20-P8.6-KC,2.0
976.0,MSD25-20-PC8.6-KC,2.0
977.0,MSD25-20-PC8.6-KC,2.0
978.0,MSD25-25-P11.1,1.0
979.0,MSD32-25-P16.20,2.0
980.0,MSD32-25-P16.24,1.0
981.0,MSD32-25-P16.24,3.0
982.0,MSD32-25-P16.24,4.0
983.0,MSD32-30-P13.35,1.0
984.0,MSD32-35-P18.22,1.0
985.0,PJAL10-77-P8.05,2.0
986.0,PJAL13-80-P10.17,1.0
987.0,PJAL16-80-10.5,1.0
988.0,PJAL8-80-P5.56,1.0
989.0,PJAL8-80-P5.56,1.0
990.0,PJAL8-80-P5.56,1.0
991.0,PJAL8-80-P5.56,1.0
992.0,PJAL8-80-P5.56,2.0
993.0,PJAS13-60-P7.2,1.0
994.0,PJAS13-60-P7.2,1.0
995.0,PJAS13-60-P7.2,1.0
996.0,PMSD16-25-P8.15,1.0
997.0,PMSD16-25-P8.15,1.0
998.0,SDE16-30-P8.25-W6.25,1.0
999.0,SDE16-30-P8.25-W6.25,1.0
1000.0,SDE20-25-P10.3-W8.24,2.0
1001.0,SDE20-30-P12.2-W8.1-KC,1.0
1002.0,SDE22-22-P12.29-W10.29,2.0
1003.0,SDE22-35-P12.4-W7.4,5.0
1004.0,SDE25-20-P10.5-V,2.0
1005.0,SDE25-20-P10.5-W8.6,2.0
1006.0,SDE25-20-P10.5-W8.6,3.0
1007.0,SDE25-20-P10.5-W8.6-KC,2.0
1008.0,SDE25-22-P14.7-W6.7,1.0
1009.0,SDE25-32-P14.7-W6.7-KC1,1.0
1010.0,SDE25-40-P14.46-W6.46,1.0
1011.0,SDE25-40-P14.46-W6.46,2.0
1012.0,SDE25-LC28-P15.5-W7.6,1.0
1013.0,SDR22-35-P9.26-W5.26,2.0
1014.0,SHEL20-90-P14.5-W6.5,1.0
1015.0,SHJES13-80-P11.15-W7.5,1.0
1016.0,SJAL10-100-P6.03-SKC,3.0
1017.0,SJAL10-100-P6.05,1.0
1018.0,SPAL8-80-P3.26,2.0
1019.0,SJAL10-45-P8.05,2.0
1020.0,SJAL10-45-P9.1,1.0
1021.0,KKSD10-20-P4.14,2.0
1022.0,SJAL10-50-P8.05,3.0
1023.0,SJAL10-50-P8.1,1.0
1024.0,SJAL10-53-P8.05,2.0
1025.0,SJAL10-54-P8.03,3.0
1027.0,KSDS13-16-P3.46,2.0
1029.0,SJAL10-57-P9.1,3.0
1030.0,SJAL10-60-P6.5,1.0
1031.0,SJAL10-60-P6.5,1.0
1032.0,SJAL10-60-P6.5,2.0
1033.0,SJAL10-60-P6.68,1.0
1034.0,SJAL10-60-P8.0,3.0
1035.0,SJAL10-60-P8.05,1.0
1036.0,SJAL10-60-P8.05,1.0
1037.0,SPAS6-60-P3.26-SKC,2.0
1038.0,SPAL6-LC75-P2.0,2.0
1039.0,SJAL10-60-P9.18,1.0
1040.0,SJAL10-60-P9.99,1.0
1041.0,SJAL10-60-P9.99,2.0
1042.0,SJAL10-64-P9.15,2.0
1043.0,SJAL10-66-P9.0,2.0
1044.0,SJAL10-70-P6.05,1.0
1045.0,SJAL10-70-P6.1,1.0
1046.0,SJAL10-70-P6.5,1.0
1047.0,SJAL10-70-P6.55,1.0
1048.0,SJAL10-70-P7.0,3.0
1050.0,SJAL10-70-P8.0,1.0
1052.0,SJAL10-70-P8.0,2.0
1053.0,SSJAL 16-70-P12.1,2.0
1054.0,APJAL20-90-P15.00,2.0
1055.0,SJRL16-80-P10.00-W10.00-R1.00-SKC,2.0
1056.0,SJAL10-70-P8.50,1.0
1057.0,SJAL10-70-P8.8,1.0
1058.0,SJAL10-70-P8.8,1.0
1059.0,SJAL10-70-P8.8,4.0
1060.0,SJAL10-70-P8.85,1.0
1061.0,SJAL10-70-P8.85,2.0
1062.0,SJAL10-70-P8.85,2.0
1063.0,SJAL10-70-P9.15,1.0
1064.0,SJAL10-73-P6.05,2.0
1065.0,SJAL10-75-P8.16,2.0
1066.0,SJAL10-80-80-P6.28,1.0
1067.0,SJAL10-80-P4.56,1.0
1068.0,SJAL10-80-P4.56,1.0
1069.0,SJAL10-80-P4.56,1.0
1070.0,SJAL10-80-P4.56,1.0
1071.0,SJAL10-80-P4.56,1.0
1072.0,SJAL10-80-P4.56,1.0
1073.0,SJAL10-80-P4.56,2.0
1074.0,SJAL10-80-P5.05-SKC,1.0
1075.0,SJAL10-80-P5.05-SKC,1.0
1076.0,SJAL10-80-P6.08,3.0
1077.0,SJAL10-80-P6.28,1.0
1078.0,SJAL10-80-P6.3,1.0
1079.0,SJAL10-80-P6.3,1.0
1080.0,SJAL10-80-P6.42-SKC,1.0
1081.0,SJAL10-80-P6.43-SKC,1.0
1082.0,SJAL10-80-P6.5,1.0
1083.0,SJAL10-80-P6.5,1.0
1084.0,SJAL10-80-P6.5,1.0
1086.0,APJAL13-90-P10.00,2.0
1090.0,ELJAS10-80-P5.40,2.0
1091.0,APJAL10-90-P7.00-KC,2.0
1092.0,APJAS10-100-P7,2.0
1093.0,SJAL13-90-P10.00,2.0
1094.0,SJAL10-80-P8.2,1.0
1095.0,SPAL6-80-P3.26-SKC,2.0
1096.0,EBJAS13-90-P6.05,2.0
1097.0,SJAL10-80-P8.34,1.0
1098.0,SJAL10-80-P8.8,1.0
1099.0,APAS8-90-P5-SKC,2.0
1100.0,SJAL10-80-P9.05,1.0
1101.0,SJAL10-80-P9.05,0.0
1102.0,APJAS16-100-P13.05,2.0
1103.0,SJRL16-80-P13.15-W6.00-R1.00-SKC,2.0
1104.0,APJEL16-90-P14.15-W10.00-SKC,2.0
1105.0,SJAL13-80-P7.00-SKC,2.0
1106.0,APES13-90-P12.15-W7-SKC,2.0
1107.0,APJAL13-90-P8.00,2.0
1108.0,APJAS10-80-P7,2.0
1109.0,SJAL10-90-P8.0,1.0
1110.0,SJAL10-90-P8.0,0.0
1111.0,EBJAL13-90-P8.00,2.0
1112.0,SJAL16-90-P13.00,2.0
1113.0,APJRL13-90-P8.15-W6.00-R0.40-SKC,2.0
1114.0,SJAL10-LC111-P6.5-SKC,1.0
1115.0,SJAL10-LC46-P9.56,1.0
1118.0,SJAL10-LC58-P9.55,1.0
1119.0,SJAL10-LC65-P5.0,1.0
1120.0,SJAL10-LC65-P5.01,1.0
1121.0,ELJAL13-90-P8.00,2.0
1122.0,SJAL10-LC68-P8.10,1.0
1123.0,SJAL10-LC73-P6.05,1.0
1124.0,SJAL10-LC78-P5.5,1.0
1125.0,SJES 13-90-P10.15-W7.00-SKC,2.0
1126.0,SJAL10-LC78-P6.1,6.0
1127.0,SJAL10-LC79-P6.1,1.0
1128.0,SJAL10-LC83-P8.8,1.0
1129.0,SJAL10-LC85-P6.10,1.0
1130.0,SJAL10-LC85-P6.48,1.0
1131.0,SJAL13-90-P10.00,2.0
1132.0,SJAL10-LC98-P6.05,1.0
1133.0,SJAL10-LC98-P6.05,1.0
1134.0,APJAL16-90-P13.00,3.0
1135.0,SJAL13-43-P10.28,1.0
1136.0,SJAL13-43-P10.28,9.0
1137.0,SJAL13-46-P7.97,1.0
1138.0,SJAL13-46-P8.02,1.0
1139.0,SJAL13-46-P9.56-SKC,1.0
1140.0,SJAL13-50-P10.28,3.0
1141.0,SJAL13-50-P10.28-SKC,3.0
1142.0,SJAL13-50-P7.0-W6.02,2.0
1143.0,SJAL13-53.7-P8.15,4.0
1144.0,SJAL13-57-P11,1.0
1145.0,SJAL13-60-P10.05,1.0
1146.0,SJAL13-60-P10.5,1.0
1147.0,SJAL13-60-P10.58,1.0
1148.0,SJAL13-60-P12.99,4.0
1149.0,SJAL13-60-P8.03,2.0
1150.0,SJAL13-60-P8.16,1.0
1151.0,SJAL13-60-P9,2.0
1152.0,SJAL13-64-P10.56,1.0
1153.0,SJAL13-64-P8.16,1.0
1155.0,SJAL13-65-P12.05,1.0
1156.0,SJAL13-65-P8.55,1.0
1157.0,SJAL13-67-P10.05,2.0
1158.0,SJAL13-70-P10.0,2.0
1159.0,SJAL13-70-P12.05,1.0
1160.0,SJAL13-70-P6.5,1.0
1161.0,SJAL13-70-P6.5,3.0
1162.0,SJAL13-70-P6.58,2.0
1164.0,SJAL13-72-P12.05,2.0
1166.0,APJAS10-100-P8,2.0
1167.0,SJAL13-77-P12.8,11.0
1168.0,SJAL13-77-P9.6,1.0
1169.0,SJAL13-78-P10.05,2.0
1170.0,SJAL13-80-P10.0,1.0
1171.0,SJAL13-80-P10.0,1.0
1173.0,SJAL13-80-P10.05-SKC,1.0
1175.0,SJAL13-80-P10.10,1.0
1176.0,SJAL13-80-P10.18,1.0
1177.0,SJAL13-80-P6.04,1.0
1178.0,SJAL13-80-P6.05,4.0
1179.0,SJAL13-80-P6.10,1.0
1180.0,SJAL13-80-P6.5,1.0
1181.0,SJAL13-80-P6.5,2.0
1182.0,SJAL13-80-P6.58,2.0
1184.0,APJES13-80-P12.15-W7-SKC,2.0
1185.0,SJAL13-80-P8.5,5.0
1186.0,APJEL13-90-P12.15-W7.00-SKC,2.0
1187.0,SJAL16-80-P12.00,2.0
1188.0,SJAL13-80-P9.15,1.0
1189.0,SJAL13-82-P10.2,1.0
1190.0,SJRL13-80-P9.15-W8.00-R1.00-SKC,2.0
1191.0,SJAL13-85-P8.08,1.0
1192.0,SJAL13-85-P8.08,2.0
1193.0,SJAL13-85-P8.08,2.0
1194.0,SJAL10-80-P6.00,2.0
1195.0,SJAL13-90-P10.0,1.0
1196.0,SJAL13-90-P10.1-SKC,1.0
1197.0,SJAL13-90-P11.6,1.0
1198.0,SJAL13-90-P9.0,1.0
1199.0,SJAL13-90-P9.0,1.0
1200.0,SJAL13-95-P8.05,1.0
1201.0,SJAL13-98-P8.05,1.0
1202.0,SJAL13-LC46-P7.97,1.0
1203.0,SJAL13-LC47-P8.0,1.0
1204.0,SJAL13-LC47-P8.0,1.0
1205.0,SJAL13-LC58-P10.0,1.0
1206.0,SJAL13-LC58-P10.05,1.0
1207.0,SJAL13-LC66-P9.6,1.0
1208.0,SJAL13-LC68-P11.2,1.0
1209.0,SJAL13-LC95-P7.20,1.0
1210.0,SJAL16+-70-P15.99,2.0
1211.0,SJAL16-59-P14.05,2.0
1212.0,SJAL16-60-P14.05,2.0
1213.0,SJAL16-63-P14.5,2.0
1214.0,SJAL16-64-P14.5,2.0
1215.0,SJAL16-75-P10.05,3.0
1216.0,SJAL16-75-P10.26,3.0
1217.0,SJAL16-80-P13,2.0
1218.0,SJAL16-80-P13.0,2.0
1219.0,SJAL16-80-P13.08,1.0
1220.0,SJAL16-80-P13.08,2.0
1221.0,SJAL16-80-PC8.34,1.0
1222.0,SJAL16-83-P12.5,2.0
1223.0,SJAL16-85-P13.1-SKC,1.0
1224.0,SJAL16-86-P13.1,2.0
1225.0,SJAL16-86-P13-SKC,1.0
1226.0,SJAL16-90-P10.05,1.0
1227.0,SJAL16-90-P10.05,3.0
1228.0,SJAL13-80-P9.00,2.0
1229.0,SJAL13-80-P11.00,2.0
1230.0,SJAL-C32-90-P30.05,2.0
1231.0,SJAL16-LC85-PC8.76,1.0
1232.0,SJAL20-60-P14.75,1.0
1233.0,SJAL20-73-P16,1.0
1235.0,SJAL20-80-P19.90-KC,2.0
1236.0,SJAL20-90-P17.05,2.0
1237.0,SJAL20-LC73-P16.00,2.0
1239.0,SJAL6-65-P4.03,1.0
1240.0,SJAL6-LC47-P5.0,1.0
1242.0,SJAL8-45-P7.2,2.0
1243.0,SJAL8-47-P6.6,3.0
1244.0,SJAL8-60-P6.0,1.0
1245.0,SJAL8-60-P6.1,1.0
1246.0,SJAL8-60-P6.1,1.0
1247.0,SJAL8-60-P6.7,1.0
1248.0,SJAL8-60-P7.05,1.0
1249.0,SJAL8-60-P7.05,1.0
1250.0,SJAL8-70-P5.03,1.0
1251.0,SJAL8-70-P5.03,2.0
1252.0,SJAL8-73-P5.05,1.0
1253.0,SJAL8-80-P4.56,1.0
1254.0,SJAL8-80-P4.96-SKC,2.0
1255.0,SJAL8-80-P4.98,1.0
1256.0,SJAL8-80-P4.98,1.0
1257.0,SJAL8-80-P4.98,4.0
1258.0,SJAL8-80-P5.05,1.0
1259.0,SJAL8-80-P5.05,1.0
1260.0,SJAL8-90-P7.00,2.0
1263.0,SJAL8-80-P5.56,1.0
1264.0,SJAL8-80-P5.56,1.0
1265.0,SJAL8-80-P5.56,1.0
1266.0,SJAL8-80-P5.56,2.0
1267.0,SJAL8-80-P5.56,2.0
1268.0,SJAL8-80-P5.56,3.0
1269.0,SJAL20-80-P15.00,2.0
1270.0,SJAL8-80-P6.06,1.0
1272.0,SJAL8-90-P5.05,1.0
1273.0,SJAL8-90-P5.05,3.0
1274.0,SJAL8-LC45-P6.55,2.0
1275.0,SJAL8-LC45-P7.1,1.0
1276.0,SJAL8-LC47-P6.6,3.0
1277.0,SJAL8-LC57-P6.15,6.0
1278.0,SJAL8-LC63-P6.1,1.0
1279.0,SJAL8-LC63-P6.1,1.0
1280.0,SJAL8-LC73-P5.05,2.0
1281.0,SJAL-C13-60-P7,2.0
1282.0,SJAL-C13-70-P10.0,3.0
1283.0,SJAL-C13-70-P10.0,3.0
1284.0,SJAL-C13-90-P7.0,1.0
1285.0,SJALC20-70-P16.0,4.0
1286.0,SJAL-C38-90-P30.0,1.0
1287.0,SJEL16-80-P12.15-W7.00-SKC,3.0
1288.0,SJAS10-60-P6.58,1.0
1289.0,SJAS10-60-P8.0,1.0
1290.0,SJAS10-65-P4,1.0
1291.0,SJAS10-70-P4.00,2.0
1292.0,SJAS10-70-P6.0,1.0
1293.0,SJAS10-70-P6.14-BC,1.0
1294.0,SJAS10-70-P6.14-BC,2.0
1295.0,SJAS10-80-P5.03,1.0
1296.0,SJAS10-80-P6.03,1.0
1297.0,SJAS10-80-P6.03,1.0
1298.0,SJAS10-80-P6.1,1.0
1299.0,SJEL 16-80-P12.15-W7.00-SKC,2.0
1300.0,SJAS10-80-P6.10,1.0
1301.0,SJAS10-80-P7.1,1.0
1302.0,SJAS10-80-P8.03,2.0
1303.0,SJAS10-80-P8.03,2.0
1304.0,SJAS10-80-P8.04,1.0
1306.0,SJAS10-80-P8.10,1.0
1307.0,SJAS10-80-P9.04,1.0
1308.0,SJAS10-80-P9.04,1.0
1309.0,SJAS10-80-P90,1.0
1310.0,SJAS10-85-P7.2-BC,1.0
1311.0,SJAS10-90-P4.1,1.0
1312.0,SJAS10-LC45-P8.0,1.0
1313.0,SJAS10-LC47-P4.47,2.0
1314.0,SJAS10-LC55-P6.6,1.0
1315.0,APAS16-90-P13.05,2.0
1316.0,SJAS10-LC56-P8.1,1.0
1317.0,SJAS10-LC61-P8.08-BC,1.0
1318.0,SJAS10-LC65-P4,1.0
1319.0,SJAS10-LC77-P8.0,1.0
1320.0,SJAL10-90-P8.00,2.0
1321.0,SJAS13-50-P9.2,1.0
1322.0,SJAS13-60-P12.99,1.0
1323.0,SJAS13-65-P11.2,1.0
1324.0,SJAS13-70-P10.0,1.0
1325.0,SJAS13-80-P10.04,2.0
1326.0,SSJAL10-80-P4.06,2.0
1327.0,SJAS13-80-P12.04,2.0
1328.0,SJAS13-80-P12.04,1.0
1329.0,SJAS13-80-P6.1,1.0
1330.0,SJAS13-80-P7.1,1.0
1331.0,SJAS13-80-P7.10,1.0
1332.0,SJAS13-80-P8.0,1.0
1333.0,SJAS13-80-P9.04,1.0
1334.0,SJAS13-90-P11.6,3.0
1335.0,SJAS13-LC43-P10.28,11.0
1336.0,SJAS13-LC45-P8.0,1.0
1337.0,SJAS13-LC5.6-P10.1,1.0
1338.0,SJAS13-LC54-P6.5,1.0
1339.0,SJAS13-LC56-P10.0,1.0
1340.0,SJAS13-LC56-P10.2,1.0
1341.0,SJAS13-LC58-P10.0,1.0
1342.0,SJAS13-LC65-P8.5,1.0
1343.0,SJAS13-LC77-P7.60,1.0
1344.0,SJAS13-LC94-P7.18,1.0
1345.0,SJAS16-53-P11.05,1.0
1346.0,SJAS16-70-P13.15,2.0
1347.0,SJAS16-77-P13.05,3.0
1348.0,SJAS16-80-P11.1,1.0
1349.0,SJAS16-80-P11.1,1.0
1350.0,SJAS16-80-P11.5,1.0
1351.0,SJAS16-80-P11.5,2.0
1352.0,SJAS16-83-P12.5,1.0
1353.0,APJAL20-90-P18.15,2.0
1354.0,SJAS16-90-P14.07,2.0
1355.0,SJAS16-90-P14.07,4.0
1356.0,SJAS16-LC53-P11.05,3.0
1357.0,SJAS16-LC75-P10.0,1.0
1358.0,SJAS16-LC75-P10.26,1.0
1359.0,SJAS16-LC83-P12.5,1.0
1360.0,SJAS16-LC86-P13.0,1.0
1361.0,SJAS20-70-P13.7,1.0
1362.0,SJAL 10-80-P6.00,2.0
1363.0,SJAS6-70-P5.05,1.0
1364.0,SJAS6-78-P2.8-SKC,1.0
1365.0,SJAS-70-P5.05,1.0
1366.0,SJAS8-40-P6.55,4.0
1367.0,SJAS8-50-P7.1,1.0
1368.0,SJAS8-60-P4.5,1.0
1369.0,SJAS8-60-P5,1.0
1370.0,SJAS8-60-P5.5-SKC,1.0
1371.0,SJAS8-60-P6.1,1.0
1372.0,SJAS8-60-P6.1,2.0
1373.0,SJAS8-80-P4.0,1.0
1374.0,APJAL16-90-P12.05,2.0
1375.0,SJAS8-LC42-P6.2,2.0
1376.0,SJAS8-LC55-P9.56,1.0
1377.0,SJAS8-LC65-P5.4,1.0
1378.0,SJAS8-LC85-P5.65,1.0
1379.0,SJAS-C10-90-P4.1,1.0
1380.0,SJAS-C10-90-P4.1,1.0
1381.0,SJAS-C10-90-P4.1,1.0
1382.0,SJAS-C10-90-P4.1,1.0
1383.0,SJAS-C20-70-P16.0,2.0
1385.0,SJAX10-80-P8.05,1.0
1386.0,SJAX10-80-P8.05,1.0
1387.0,SJAX10-80-P8.05,1.0
1388.0,SJAX10-80-P9.15,1.0
1389.0,SJAX10-80-P9.15,4.0
1392.0,SJAX10-LC63-P8.03,1.0
1393.0,SJAX10-LC63-P8.03,1.0
1394.0,SJAX10-LC78-P6.03,1.0
1395.0,SJAX13-67-P6.55,2.0
1396.0,SJAX13-78-P9.0,1.0
1397.0,SJAX13-78-P9.0,1.0
1398.0,SJAX13-80-P11.98,3.0
1399.0,SJAX13-80-P8.5,2.0
1400.0,SJAX13-80-P8.5,3.0
1401.0,SJAX13-85-P10.05,2.0
1402.0,SJAX13-85-P10.05,2.0
1403.0,SJAX13-85-P10.05,4.0
1404.0,SJAX13-85-P10.2,2.0
1405.0,SJAX13-86-P10.05,1.0
1406.0,SJAX13-86-P10.1,1.0
1407.0,SJAX13-90-P8.03,1.0
1408.0,SJAX13-LC85-P10.05,2.0
1409.0,SJAX13-LC86-P10.10,1.0
1410.0,SJAX13-LC95-P6.58-BC-SKC,1.0
1412.0,SJAX16-100-P10.05,1.0
1413.0,SJAX5-LC44-P3.05,2.0
1414.0,SJAX8-100-P6.5,2.0
1415.0,SJAX8-65-P6.7,2.0
1416.0,SJAX8-70-P6.0,1.0
1417.0,SJAX8-70-P6.5,1.0
1418.0,SJAX8-70-P6.50,1.0
1419.0,SJAX8-LC45-P6.65,5.0
1420.0,SJAX8-LC57-P6.0-BC,1.0
1421.0,SJE16-80-P12.08-W7.08,1.0
1422.0,SJE16-88-P12.1-W8.2,2.0
1423.0,SJEL10-100-P8.05-W6.05,4.0
1424.0,SJEL10-50-P7.0-W6.3-SKC,1.0
1425.0,SJEL10-60-8.4-W6.3-SKC,1.0
1426.0,SJEL10-70-P9.05-W5.05,2.0
1427.0,SJEL10-80.0-P6.68-W4.68-SKC,1.0
1428.0,SJEL10-80-P7.4-W5.5-SKC,1.0
1429.0,SJEL10-80-P8.36-W6.16,1.0
1430.0,SJEL10-80-P9.05-W5.05,2.0
1431.0,SJEL10-93-P8.05-W6.05,1.0
1432.0,APAS10-80-P7,2.0
1433.0,SJEL13-48-P10.45-W8.05,1.0
1434.0,SJEL13-48-P10.48-W8.05,2.0
1435.0,SJEL13-50-P11.3-W8.7-SKC,1.0
1436.0,SJEL13-52-P11-W6,1.0
1437.0,SJEL13-52-P11-W6-SKC,2.0
1438.0,SJEL13-60-P10.05-W8.05-SKC,2.0
1439.0,SJEL13-60-P10.15-W8.35,1.0
1442.0,SJEL13-60-P12.0-W7.0,1.0
1443.0,SJEL13-60-P12.14-W9.0-SKC,1.0
1444.0,SJEL13-60-P12.15-W9.05-SKC,1.0
1445.0,SJEL13-60-P12.1-W8.05-SKC,1.0
1446.0,SJEL13-60-P12.1-W8.05-SKC,1.0
1447.0,SJEL13-60-P8.4-W6.3-SKC,1.0
1448.0,SJEL13-60-P8.8-W6.08-SKC,1.0
1449.0,SJEL13-60-P8.8-W6.18-SKC,1.0
1450.0,SJEL13-70-P10.06-W8.06-SKC,1.0
1451.0,SJEL13-70-P10.06-W8.06-SKC,1.0
1452.0,SJEL13-70-P10.06-W8.06-SKC,1.0
1453.0,SJEL13-90-P12.15-W10.00-SKC,2.0
1454.0,APAS10-90-P7,2.0
1455.0,SJEL13-75-P12.3-W7.1,1.0
1456.0,SJEL13-77-P10-W8-SKC,2.0
1457.0,SJEL13-78-P10.15-W8,2.0
1458.0,SJEL13-80-P10.15-W8,1.0
1459.0,SJEL13-80-P11.05-W6.05,1.0
1460.0,SJEL13-80-P11-W8,2.0
1461.0,SJEL13-80-P12-W10,3.0
1462.0,SJEL13-80-P9.05-W7.05-SKC,1.0
1465.0,SJEL13-90.0-P12.0-W7.0,4.0
1466.0,SJEL13-90-P10.0-W8,1.0
1467.0,SJEL13-90-P10.15-W8.0-SKC,1.0
1468.0,SJEL13-90-P10-W8,1.0
1469.0,APAS10-90-P7-SKC,2.0
1470.0,SJEL13-90-P12.1-W7.1,2.0
1471.0,SJEL13-90-P12-W7,1.0
1473.0,SJEL13-LC48-P10.45-W8.05-SKC,1.0
1474.0,SJEL13-LC55-P10.0-W8.0-SKC,2.0
1475.0,SJEL13-LC65-P12.0-W7.0-BC-SKC,1.0
1476.0,SJEL13-LC65-P12.10-W7.1-SKC,1.0
1477.0,SJEL13-LC72-P9.14-W6.24-SKC,1.0
1478.0,SJEL13-LC72-P9.14-W8.04-SKC,1.0
1479.0,SJEL13-LC73-P12.1-W7.0-SKC,1.0
1480.0,SJEL13-LC77-P10.0-W8.0,2.0
1481.0,SJEL13-LC82-P12.1-W8-SKC,1.0
1482.0,SJEL16-100-P11.98-W7.0,2.0
1483.0,SJEL16-100-P12.25-W7.10-KC45,1.0
1484.0,SJEL16-100-P12.25-W7.1-KC20,2.0
1485.0,SJEL16-100-P12.25-W7.1-KC30,1.0
1486.0,SJEL16-100-P12.40-W7.8-SKC,1.0
1487.0,APJAS13-80-P8.00,2.0
1488.0,SJEL16-100-P12.5-W8.0,3.0
1489.0,SJEL16-60-P12.15-W10.05-SKC,1.0
1490.0,SJEL16-60-P12.6-W9.2,1.0
1491.0,SJEL16-60-P12.6-W9.2,1.0
1492.0,SJEL16-60-P12.6-W9.2,1.0
1493.0,SJEL16-60-P12.6-W9.2-SKC,1.0
1494.0,SJEL16-60-P12-W7-SKC,1.0
1495.0,SJEL16-65-P12.5-W11-SKC,1.0
1496.0,SJEL16-67-P13.4-W9.1-SKC,1.0
1497.0,SJEL16-68-P12-W7-SKC,1.0
1498.0,SJEL16-70-P11.95-W7.1,2.0
1499.0,SJEL16-73-P12.4-W10.05-SKC,1.0
1500.0,SJEL16-75-P10.26-W8.76-SKC,1.0
1501.0,SJEL16-80-P11.55-W7.4,1.0
1502.0,SJEL16-80-P11.55-W7.4,1.0
1503.0,SJEL16-80-P12.08-W7.08,1.0
1504.0,SJEL16-80-P12.08-W7.08,2.0
1505.0,SJEL16-83-P12.08-W7.08-SKC,1.0
1506.0,SJEL16-85-P12-W10-SKC,1.0
1507.0,SJEL16-88-P12.1-W8.2,1.0
1508.0,SJEL16-90-P12.1-W7.05,2.0
1509.0,SJEL16-90-P12.1-W7.05,3.0
1510.0,SJEL16-90-P14.15-W12.05,1.0
1511.0,SJEL16-90-P14.15-W12.05,2.0
1512.0,SJEL16-98-P12.0-W7.0,2.0
1513.0,SJEL16-LC105-P110-W7.1-SKC,1.0
1514.0,SJEL16-LC105-P12.1-W8.0,2.0
1515.0,SJEL16-LC45-P12.65-W7.8,1.0
1516.0,SJEL16-LC55-P10.3-W8.1-BC-SKC,1.0
1517.0,SJEL16-LC55-P10.3-W8.1-SKC,1.0
1518.0,SJEL16-LC75-P12.3-W7.1-SKC,2.0
1519.0,SJEL16-LC88P12.05-W8.1,2.0
1520.0,SJEL20-LC85-P11.98-W7.0,2.0
1521.0,SJEL-C13-LC87-P12.0-W7.0-KC45,1.0
1522.0,SJEL-C20-80-P16.4-W10,1.0
1523.0,SJEL-C32-LC73-P30.0-W15,2.0
1524.0,SJELX10-95-P9-W6.5-SKC,1.0
1525.0,SJES10-50-P9.1-W7.1-SKC,2.0
1526.0,SJES10-60-P8.4-W6.3,1.0
1527.0,SJES10-80-P9.3-W8.0,1.0
1528.0,SJES10-LC55-P8.08-W6.58,1.0
1529.0,SJES10-LC63-P8.4-W6.2-SKC,1.0
1530.0,SJES10-LC63-P8.4-W6.2-SKC,1.0
1531.0,SJES13-50-P11.3-W8.7-SKC,1.0
1532.0,SJES13-60-P10.0-W6.1-SKC,1.0
1533.0,SJES13-70-P12-W7-SKC,5.0
1534.0,SJES13-80-P10.14-W8.0,1.0
1535.0,SJES13-80-P10.15-W8.0,2.0
1536.0,SJES13-80-P11.2-W7.6,1.0
1537.0,SJES13-80-P11.2-W7.6,1.0
1538.0,SJES13-80-P11.2-W7.6,1.0
1539.0,SJES13-80-P11.2-W7.6-KC0,1.0
1540.0,APJES16-80-P14.15-W10-SKC,1.0
1541.0,SJES13-80-P12.1-W7.05,1.0
1542.0,SJES13-80-P12.1-W7.05,1.0
1544.0,SJES13-80-P12.3-W7.1-SKC,1.0
1545.0,SJES13-80-P12.1-W7.05,2.0
1546.0,SJES13-90.0-P10.15-W8.05-KC90-TKC,3.0
1547.0,SJES13-LC45-P9.56-W8.86-SKC,1.0
1548.0,SJES13-LC52-P11.0-W6.0-BC-SKC,1.0
1549.0,SJES13-LC55-P12.14-W7.1-SKC,1.0
1550.0,SJES13-LC65-P12-W7-BC-SKC,1.0
1551.0,SJES13-LC65-P12-W7-SKC,1.0
1552.0,SJES13-LC75-P9.5-W8.5-SKC,1.0
1553.0,SJES13-LC75-P9.5-W8.5-SKC,1.0
1554.0,SJES13-LC77-P12.05-W7.05-BC-SKC,3.0
1556.0,SJES16-100-P12.15-W8.0,2.0
1557.0,SJES16-100-P12.5-W8.0,3.0
1558.0,SJES16-100-P14.15-W11.65-KC20,2.0
1559.0,SJES16-100-P14.15-W11.65-KC45,1.0
1560.0,SJES16-120-P10.05-W8.05,1.0
1561.0,SJES16-120-P10.05-W8.05,1.0
1562.0,SJES16-50-P12.4-W7.3,1.0
1563.0,SJES16-50-P12.4-W8.08-BC-SKC,1.0
1564.0,SJES16-67-P13.5-W9-SKC,3.0
1565.0,SJES16-70-P12-W7-SKC,1.0
1566.0,SJES16-70-P12-W7-SKC,2.0
1567.0,SJES16-70-P13.0-W7.5-KC90,1.0
1568.0,SJES16-70-P13.1-W7.6-KC90,1.0
1569.0,SJES16-80-P12.1-W7.05-SKC,1.0
1571.0,SJES16-80-P13.2-W10.2,2.0
1572.0,SJES16-80-P14.3-W13.1,1.0
1573.0,SJES16-80-P14.3-W13.1,2.0
1574.0,SJES16-80-P14.3-W13.15,1.0
1575.0,SJES16-85-P15.5-W12,1.0
1576.0,SJES16-90-12.25-W7.1-KC90,3.0
1577.0,SJES16-90-P11.97-W6.52-KC90,1.0
1578.0,SJES16-90-P11.97-W6.53-KC90,1.0
1579.0,SJES16-90-P11.97-W6.53-KC90,2.0
1580.0,SJES16-90-P12.15-W7.1-KC45,1.0
1581.0,SJES16-90-P12.25-W7.10-KC90,1.0
1582.0,SJES16-90-P12.25-W7.1-KC20,2.0
1583.0,SJES16-90-P12.25-W7.1-KC20,3.0
1584.0,SJES16-90-P12.25-W7.1-KC45,1.0
1585.0,SJES16-90-P12.25-W7.1-KC45,1.0
1586.0,SJES16-90-P12.25-W7.1-KC90,2.0
1587.0,SJES16-90-P12.25-W8.03-KC90,1.0
1588.0,SJES16-90-P12.25-W8.03-KC90,1.0
1589.0,SJES16-90-P12.25-W8.03-KC90,1.0
1590.0,SJES16-90-P12.25-W8.03-KC90,1.0
1591.0,SJES16-90-P14.15-W11.65-KC90,1.0
1592.0,SJES16-90-P14.15-W11.65-KC90,2.0
1593.0,SJES16-90-P14.15-W11.6-KC90,1.0
1594.0,SJES16-LC65-P12.5-W11.0-SKC,1.0
1595.0,SJES16-LC66-P12.4-W7.2-BC-SKC,1.0
1596.0,SJES16-LC67-P13.4-W9.1-BC-SKC,1.0
1597.0,SJES16-LC75-P10.26-W8.76-SKC,1.0
1598.0,SJES20-80-P19.97-W16.02-SKC,1.0
1600.0,SJES20-LC46-P16.20-W14.10-SKC,1.0
1601.0,SJES25-80-P20-W16,1.0
1602.0,SJES25-80-P20-W16-KC90,2.0
1603.0,SJES25-80-P20-W16-KC90,2.0
1604.0,SJES25-LC73-P20.0-W15.0,2.0
1605.0,SJES-C13-90-P10.15-W8.05,1.0
1606.0,SJES-C13-90-P10.15-W8.05-KC90,1.0
1607.0,SJES-C13-90-P10.15-W8.05-KC90,1.0
1608.0,SJES-C13-90-P10.15-W8.05-KC90,1.0
1609.0,SJES-C32-73-P30-W15,2.0
1610.0,SJEX10-LC98-P9.0-W6.5-SKC,3.0
1611.0,SJEX13-62-P10.48-W8.08,1.0
1612.0,SJEX13-67-10.4-W8.1-SKC,1.0
1613.0,SJEX13-70-P10.48-W8.08,1.0
1614.0,SJEX13-72-P10.65-W8.35,1.0
1615.0,SJEX13-75-P9.5-W8.5-BC20,1.0
1616.0,SJEX13-80-8.62-W6.06-BC-SKC,1.0
1617.0,SJEX13-80-P9.1-W6.58,2.0
1618.0,SJEX13-90-P9.7-W6.8,2.0
1619.0,SJEX13-LC62-P10.48-W8.08,1.0
1620.0,APES13-80-P12.15-W7-SKC,1.0
1621.0,SJEX13-LC95-P8.3-W6.68-BC-SKC,1.0
1622.0,SJEX16-60-P12.48-W7.18-SKC,1.0
1623.0,SJEX8-LC55-P7.1-W5.5-BC-SKC,1.0
1624.0,SJR10-80-P9.08-W5.08-R1.0,3.0
1625.0,SJRL10-70-P6.15-W4.65,2.0
1626.0,SJRL10-70-P9.1-W5.0-R0.5-SKC,4.0
1627.0,SJRL10-80-P6.58-W4.08-R0.54,1.0
1628.0,SJRL10-80-P6.58-W4.08-R0.54,3.0
1629.0,SJRL10-80-P9.08-W5.08-R1.0,1.0
1630.0,SJRL10-80-P9.0-W5.0-R1.0-SKC,2.0
1631.0,SJRL10-90-P9.1-W5.1-R1.05,1.0
1632.0,SJAL13-90-P7.00,2.0
1633.0,SJRL13-70-P9-WC5-R0.5,1.0
1634.0,SJRL13-75-P8.5-W8.5-R0.5,1.0
1635.0,SJRL13-LC46-P9.20-WC5.20-R1.05,1.0
1636.0,SJRL13-80-P11.15-WC5.00-R1.00-SKC,2.0
1637.0,SJRL16-60-P14.05-W6-R2-SKC,2.0
1638.0,SJRL16-90.0-P11.5-W11.5-R0.5,2.0
1639.0,SJRL8-80-P6.0-W5.0-R0.5-SKC,1.0
1640.0,SJRL8-P6.0-W5.0-R0.5-SKC,1.0
1641.0,SJAL13-80-P8.00,2.0
1642.0,SJRS13-80-P10-W8-R0.5-SKC,1.0
1643.0,SJRS13-80-P9.5-W9.5-R2.3,1.0
1644.0,SJRS13-80-P9.5-W9.5-R2.3,4.0
1645.0,SJRS13-80-P9.5-W9.5-R2.36-KC20,2.0
1646.0,SJRS13-80-P9.5-W9.5-R2.3-KC20,2.0
1647.0,SJRS13-80-P9.5-W9.5-R2.3-KC70,2.0
1648.0,SJRS13-80-P9.5-W9.5-R2.3-KC70,3.0
1650.0,SJRS16-60-P9.5-W9.5-SKC,1.0
1651.0,SJRS20-80-P15.28-W8.0-R1.0,4.0
1652.0,SJRS-C13-77-P8.5-W8.5-R0.5,5.0
1653.0,SJRS-C38-70-P34-W16,8.0
1654.0,SJRS-LC94-P8.2-W6.2,1.0
1655.0,SJRX13-LC82.0-P9.00-WC5.00-R1.00-SKC,2.0
1656.0,SJS20-80-P15.28-W8-R1.0,2.0
1657.0,SJURS-C32-70-P26-W16-R0.5,1.0
1658.0,EKSD16-20-P7.24,2.0
1659.0,SPAL10-50-P7.2,1.0
1660.0,SPAL10-60-P6.3,1.0
1661.0,SPAL10-60-P6.3,2.0
1662.0,SJAL 16-80-P14.00,2.0
1663.0,SPAL10-70-P8.55,1.0
1664.0,SPAL10-70-P8.55,1.0
1665.0,SPAL10-80-P8,1.0
1666.0,SPAL10-80-P8.0,1.0
1667.0,SPAL10-80-P8.0,1.0
1668.0,SPAL10-80-P8.8,1.0
1670.0,SPAL10-LC53-P8.1,1.0
1671.0,SPAL10-LC63-P8.1,1.0
1672.0,SPAL10-LC67-P6.03,1.0
1673.0,SPAL10-LC68-P8.06,1.0
1675.0,SPAL13-44-P9.55,1.0
1676.0,SPAL13-45-P10.8,1.0
1677.0,SPAL13-46-P9.55,2.0
1678.0,SPAL13-50-P7.2,1.0
1680.0,SPAL13-50-P9.15,1.0
1681.0,SPAL13-60-P10.2,1.0
1682.0,SPAL13-60-P10.2,1.0
1683.0,SPAL13-60-P11.5,3.0
1684.0,SPAL13-60-P9.55,1.0
1685.0,SPAL13-60-P9.55,2.0
1686.0,SPAL13-62-P8.5,1.0
1687.0,SPAL13-65-P9.1,1.0
1688.0,SPAL13-70-P10.05,1.0
1689.0,SJAL16-80-P14.1,2.0
1690.0,SPAL13-70-P8.05,3.0
1691.0,SPAL13-70-P8.95,1.0
1692.0,SPAL13-80-P10,2.0
1693.0,SPAL13-80-P10.18,1.0
1694.0,SPAL13-80-P12.9,1.0
1695.0,SSJEL 20-70-P16.1-W12.1,2.0
1696.0,MHD16-35-P9.3,1.0
1698.0,SPAL13-90-P11.2,2.0
1699.0,SPAL13-95-P9.0-W4.5-R1.0,1.0
1700.0,SPAL13-LC55-P8.28,1.0
1701.0,SPAL13-LC62-P8.2,1.0
1702.0,SPAL13-LC62-P8.2,1.0
1703.0,SPAL13-LC76-P9.1,1.0
1705.0,APJRS10-80-P5.65-W4-R1-SKC,2.0
1706.0,SPAL16-60-P12.2,2.0
1707.0,SPAL16-66-P11.1,1.0
1708.0,SPAL16-66-P11.1,1.0
1709.0,SPAL16-70-P11.15,1.0
1710.0,SPAL16-70-P11.15,1.0
1711.0,SPAL16-70-P11.15,2.0
1712.0,SPAL16-75-P13.1,2.0
1713.0,SPAL16-76-P13.1,1.0
1714.0,SPAL16-80-P13.0,2.0
1715.0,SPAL16-80-P15.99,2.0
1716.0,SJEL13-80-P11.15-W7.00-SKC,2.0
1717.0,SPAL16-85-P12.1,1.0
1718.0,SPAL16-97*-P14.1,1.0
1719.0,SPAL16-LC66-P11.1,2.0
1720.0,SPAL16-LC71-P9.5-BC,1.0
1721.0,ELJAL13-90-P7.00,2.0
1722.0,APJES13-90-P10.15-W8.00-SKC,2.0
1727.0,SPAL20-80-P18,1.0
1728.0,SPAL20-90-P15.99,2.0
1729.0,SPAL20-90-P9.1,1.0
1730.0,SPAL20-90-P9.1,2.0
1731.0,SPAL5-5-P2.9,5.0
1732.0,SPAL8-55-P4,3.0
1733.0,SPAL8-55-P5.5,1.0
1734.0,SPAL8-60-P6.03,1.0
1735.0,SPAL8-60-P6.05,1.0
1736.0,SPAL8-60-P6.05,1.0
1737.0,SPAL8-60-P6-5.5,1.0
1738.0,SPAL8-90-P6.56,1.0
1739.0,SPAL8-LC54.0-P5.02,4.0
1740.0,SPAL8-LC81-P2.0,1.0
1741.0,SPAL-C10-80-P4.5,2.0
1742.0,SJRL20-80-P15.15-W9.00-R1.00,2.0
1743.0,SPAL-C13-120-P8.43,1.0
1744.0,SPAL-C13-120-P8.43,1.0
1745.0,SPAL-C13-LC125-PC5.56,1.0
1746.0,SPAL-C16-110-P11.1,1.0
1747.0,SPAL-C38-55-P34.05,1.0
1748.0,SPAS10-100-P6.0,1.0
1749.0,SPAS10-100-P6.0,1.0
1750.0,APJAS13-80-P10.05,2.0
1751.0,SJAL13-80-P7.00,3.0
1752.0,SPAS10-60-7.0,1.0
1753.0,SPAS10-60-P6.0,1.0
1754.0,APAS16-90-P14.05,3.0
1755.0,SPAS10-60-P7.1,1.0
1756.0,SPAS10-60-P7.1,1.0
1757.0,SPAS10-60-P7.1,1.0
1758.0,SJAL13-90-P7.00,2.0
1759.0,SPAS10-60-P9.1,1.0
1760.0,SPAS10-70-P4.0,1.0
1761.0,SPAS10-70-P6.0,1.0
1762.0,SPAS10-70-P6.0,1.0
1763.0,SPAS10-70-P6.0,1.0
1764.0,SPAS10-70-P6.1,1.0
1765.0,SPAS10-70-P8,1.0
1766.0,SPAS10-70-P8.0,1.0
1767.0,SPAS10-70-P8.0,1.0
1768.0,SPAS10-70-P8.1,1.0
1769.0,SPAS10-70-P8.4,1.0
1770.0,SPAS10-70-P8.55,1.0
1771.0,SPAS10-70-P9.16,1.0
1772.0,SPAS10-80-P4.5,1.0
1773.0,SPAS10-80-P4.5,1.0
1774.0,SPAS10-80-P5.4,1.0
1775.0,SPAS10-80-P5.4,1.0
1776.0,SPAS10-80-P6,1.0
1777.0,SPAS10-80-P6.0,2.0
1778.0,SPAS10-80-P7.1,1.0
1779.0,SPAS10-80-P7.1,1.0
1780.0,SPAS10-80-P7.3,1.0
1781.0,SPAS10-80-P8.0,1.0
1782.0,SPAS10-80-P8.0,1.0
1783.0,SPAS10-80-P8.04,1.0
1784.0,SPAS10-80-P8.2,1.0
1787.0,SJEL13-90-P10.15-W7.00-SKC,2.0
1788.0,SPAS10-90-P8.0,1.0
1789.0,SJAL10-90-P6.10,2.0
1790.0,SJAL10-80-P7.1,2.0
1791.0,SPAS10-90-P8.0,1.0
1792.0,SPAS10-90-P8.0,2.0
1793.0,SPAS10-LC52-P6.55,1.0
1794.0,SPAS10-LC60-P7.3,1.0
1795.0,SPAS10-LC72-P6.6,1.0
1796.0,SPAS10-LC72-P6.6,2.0
1797.0,SPAS10-LC73-P6.0,1.0
1798.0,SPAS10-LC73-P6.0,1.0
1799.0,SPAS10-LC74-P6.1-BC,1.0
1800.0,SPAS10-LC74-P9.15,1.0
1801.0,SPAS13-100-P8.0,1.0
1802.0,SPAS13-118-P7.1,1.0
1803.0,SPAS13-50-P9.1,1.0
1804.0,SPAS13-60-P10.1,1.0
1805.0,SPAS13-60-P7.2,1.0
1806.0,SPAS13-60-P7.2,1.0
1807.0,SPAS13-60-P7.2,1.0
1808.0,SPAS13-63-P9.15,2.0
1809.0,SPAS13-70-70-P10.0,1.0
1810.0,SPAS13-70-P10,1.0
1811.0,SPAS13-70-P10.0,1.0
1812.0,SPAS13-70-P12.0,1.0
1813.0,SPAS13-70-P8.0,1.0
1814.0,SPAS13-70-P8.6,1.0
1815.0,SPAS13-75-P8.5,1.0
1816.0,SPAS13-7-P12,1.0
1817.0,GG-SJRL13-100-P10.2-W9.7-R2.4,2.0
1818.0,SPAS13-80-P6.1,1.0
1819.0,SPAS13-80-P6.1,1.0
1820.0,SPAS13-80-P7.0,1.0
1821.0,HDE20-25-P11.36-W7.30-SKC,1.0
1822.0,SPAS13-80-P8.0,1.0
1823.0,SPAS13-80-P9.05,1.0
1824.0,SPAS13-80-P9.08,1.0
1825.0,SPAS13-LC42-P7.15,1.0
1826.0,SPAS13-LC45-P10.8,1.0
1827.0,SPAS13-LC46-P8.1,2.0
1828.0,SPAS13-LC56-P11.85,1.0
1829.0,SPAS13-LC56-P11.85,1.0
1830.0,SPAS13-LC56-P11.85,2.0
1831.0,SPAS13-LC57-P11,1.0
1832.0,SPAS13-LC60-P10.0,1.0
1833.0,SJEL13-80-P12.1-W7.1-KC90,1.0
1834.0,SPAS13-LC82-P8.0,1.0
1835.0,SPAS16-100-P8.5,1.0
1836.0,SPAS16-56-P13.6,3.0
1837.0,SPAS16-58-P15.1,6.0
1838.0,SPAS16-70-P11.15,1.0
1839.0,MHD13-25-P7.3,1.0
1840.0,SPAS16-70-P11.15,3.0
1841.0,SPAS16-70-P13.05,1.0
1842.0,SPAS16-77-P13.8,1.0
1843.0,SPAS16-80-P10.0,1.0
1844.0,SPAS16-LC53-P11.1,1.0
1845.0,SPAS20-80-P16.0-BC25,1.0
1846.0,SPAS20-80-P18-BC25,1.0
1847.0,GG-SJRL13-95-P10.2-W9.7-R2.4,2.0
1848.0,SPAS6-60-P5.1,1.0
1849.0,SPAS6-70-P3.0,2.0
1850.0,SPAS6-70-P3.0,2.0
1851.0,KKDE20-20-P10.18-W8.14,2.0
1852.0,SSJAL13-80-P8.1,2.0
1853.0,SPAS8-50-P6.2,1.0
1854.0,SPAS8-55-P5.4,1.0
1855.0,SPAS8-56-P6.3,1.0
1856.0,SPAS8-57-P6.16,1.0
1857.0,SPAS8-60-P5.55,1.0
1858.0,SPAS8-70-P6.1,1.0
1859.0,SPAS8-LC51-P6.18,1.0
1860.0,SPAS8-LC52-P4.45,1.0
1861.0,SPAS8-LC57-P6.05,1.0
1862.0,SPAS-C10-60-P7,1.0
1863.0,SPAS-C10-70-P9.1,1.0
1864.0,SPAS-C10-80-P7,1.0
1865.0,SPAS-C10-80-P8,1.0
1866.0,SPAS-C10-90-P7.1,1.0
1867.0,SPAS-C10-LC68-P5.4,1.0
1868.0,SPAS-C13-110-P10.05,1.0
1869.0,SPAS-C13-80-P10,1.0
1871.0,SPAX10-63-P9.18,1.0
1872.0,SPAX10-63-P9.22,1.0
1873.0,SPAX10-73-P7.08,1.0
1876.0,SPAX10-LC73-P7.08,1.0
1877.0,SPAX10-LC73-P7.08,1.0
1878.0,SPAX10-LC73-P7.08,1.0
1879.0,SPAX13-120-P8.43,1.0
1880.0,SPAX13-62-P12.03,2.0
1881.0,SPAX13-90-P6.1,1.0
1882.0,SPAX13-90-P6.1,1.0
1883.0,SPAX13-LC83-P8.18,1.0
1884.0,SPAX13-LC83-P8.18,1.0
1885.0,SPAX13-LC85-P10.1-BC,1.0
1886.0,SSJEL13-80-P10.1-W8.06,2.0
1888.0,KKSD16-20-P8.18,2.0
1889.0,SPAX8-80.0-P5.0,1.0
1890.0,SPAX8-LC45-P5.6,1.0
1891.0,SPAX8-LC45-P5.6,1.0
1892.0,SPAX8-LC45-P5.6,2.0
1893.0,SPAX8-LC45-P5.6,2.0
1894.0,SJEL13-80.00-P12.10-W7.10,1.0
1895.0,SPAX-C13-120-P8.43,1.0
1896.0,SPAX-C13-120-P8.43,1.0
1897.0,SPC20-80-P20,1.0
1898.0,SPC8-50-P8.0,1.0
1899.0,SPDS13-LC95-P8.3-W6.2-SKC,1.0
1900.0,SPDS-C13-80-P8.1-W8.1-R0.5,1.0
1901.0,SPDS-C13-LC85-P9.3-W5.1-R0.5,1.0
1902.0,SJEL16-90-P12.15-W8.00-SKC,2.0
1903.0,SPEL10-80-P8.3-W6.2-SKC,1.0
1904.0,SPEL10-LC45-P9.5-W8.5,1.0
1905.0,SPEL10-LC86-P9.8-W2.6-SKC,2.0
1906.0,SPEL13-77-P12.05-W10.05,2.0
1907.0,SPEL13-80-P12-W7,1.0
1909.0,SPEL13-87-P8.4-W6.15,1.0
1910.0,SJRL16-90-P10.00-W10.00-R1-SKC,2.0
1911.0,EKSD32-20-P16.13,3.0
1912.0,SPEL13-90-P7.82-W6.32-SKC,2.0
1913.0,SPEL13-90-P7.82-W6.32-SKC,2.0
1914.0,SPEL13-LC49-P10.4-W8.08,1.0
1915.0,SPEL13-LC64-P12.40-W7.15-SKC,2.0
1916.0,SPEL13-LC65-P10.2-W7.3-SKC,1.0
1918.0,SPEL13-LC75-P12.1-W7-SKC,2.0
1919.0,SPEL13-LC82-P12.1-W8-SKC,2.0
1920.0,SPEL13-LC87-P8.4-W6.15,2.0
1922.0,SPEL16-100-P12.8-W7.1-KC90,1.0
1923.0,SPEL16-100-P13.8-W9.1,1.0
1924.0,SPEL16-100-P14.3-W8.25,1.0
1925.0,SPEL16-100-P15.8-W9.05,2.0
1926.0,SPEL16-105-P12.08-W7.08-SKC,2.0
1927.0,SPEL16-120-P10.05-W8.05,3.0
1928.0,SPEL16-65-P14.05-W10.05-SKC,1.0
1929.0,SPEL16-65-P14.05-W10.05-SKC,1.0
1930.0,ELJAL10-90-P8.00,4.0
1931.0,SPEL16-70-P12.05-W7.05-SKC,2.0
1932.0,SPEL16-70-P14.15-W11.15,1.0
1933.0,SPEL16-75-P13.15-W9.15,2.0
1935.0,SPEL16-80-P12.58-W10.08,2.0
1936.0,SPEL16-84-P15.15-W12.1,2.0
1937.0,SPEL16-90-P12.8-W10.9,1.0
1938.0,SPEL16-97-P14.1-W12.1,2.0
1939.0,SPEL16-LC57.00-P11.40-W9.28,1.0
1940.0,SPEL16-LC65-P14.05-W9.55-SKC,1.0
1941.0,SPEL16-LC65-P14.05-W9.55-SKC,1.0
1942.0,SPEL16-LC65-P14.05-W9.55-SKC,2.0
1943.0,SPEL16-LC65-P14.05-W9.55-SKC,2.0
1945.0,SPEL16-LC78-P12.1-W7.05-SKC,1.0
1946.0,SPEL16-LC93-P12.8-W10.9,1.0
1947.0,SPEL20-70-P18-W16,1.0
1948.0,SPEL20-70-P18-W16,1.0
1949.0,SPEL20-75-P17.1-W13.1,2.0
1950.0,SPEL20-80-P16.2-W13.1,2.0
1951.0,SPEL20-90-P14.5-W6.5,1.0
1952.0,SPEL20-90-P16.15-W12.15,4.0
1953.0,SPEL20-LC75-P17.1-W13.1,1.0
1954.0,SPEL25-70-P20.00-W15.00,4.0
1955.0,SPEL25-80-P22.08-W13.08,1.0
1956.0,SPEL25-LC85-P22.12-W13.12,1.0
1957.0,SPEL85-85-P10.05-W7.05-SKC,2.0
1958.0,SPEL8-60-P7.0--W5.5-SKC,1.0
1959.0,SPEL-C13-110-P10-W8,1.0
1960.0,SPEL-C13-90-P8.2-W6.0-KC90,1.0
1961.0,SPEL-C16-130.00-P12.35-W6.35,1.0
1962.0,SPEL-C16-80-P15-W13,1.0
1963.0,SPES10-60-P6.05-W5.55-SKC,1.0
1964.0,SPES10-80-P9.3-W8.0,1.0
1965.0,SPES10-90-P8.3-W6,3.0
1966.0,SPES10-90-P8.3-W6.0,1.0
1967.0,SPES10-LC51-P7.9-W6.1-SKC,1.0
1968.0,SPES10-LC55-P8.08-W6.58-SKC,1.0
1969.0,SPES13-50-P10.2-W6.2,1.0
1970.0,SPES13-70-P12.2-W7.1,1.0
1971.0,SPES13-70-P12.2-W7.1,2.0
1972.0,SPES13-70-P12-W10,1.0
1973.0,SPES13-70-P9.0-W6.5-SKC,1.0
1974.0,SPES13-80-P11.15-W7.5,1.0
1975.0,SPES13-80-P11.15-W7.5,1.0
1976.0,SPES13-80-P12.08-W7.08,1.0
1977.0,SPES13-80-P12.08-W7.08,2.0
1978.0,SPES13-80-P12.0-W10.0-KC90,2.0
1979.0,SPES13-80-P8.3-W6.0,1.0
1980.0,SPES13-80-P8.3-W6.0,1.0
1981.0,SPES16-100-P14.3-W8.25,2.0
1982.0,SPES16-60-P12-W7,1.0
1984.0,SPES16-70-P14.14-W11.14,1.0
1985.0,SPES16-88-P12.3-W8.0,1.0
1986.0,SPES16-90-P12.25-W7.1-KC90,1.0
1987.0,SPES16-90-P12.3-W10.1,2.0
1988.0,SJRL13-90-P7.00-W7.00-R0.5-SKC,2.0
1989.0,SPES16-92-P12.3-W8.08,2.0
1990.0,SPES16-LC65-P14.05-W10.05-SKC,1.0
1991.0,SPES16-LC92-P12.3-W8.08,2.0
1992.0,SPES-C13-70-P11.3-W9.1,1.0
1993.0,SPES-C13-70-P12.2-W7.1,1.0
1994.0,SPES-C13-70-P12.2-W7.1,1.0
1995.0,SPES-C13-80-P12-W10,1.0
1996.0,SPES-C13-LC67-P12.2-W7.1,1.0
1997.0,SJEL16-90-P12.15-W7.00-SKC,2.0
1998.0,SPES-C16-80-P14-W10,2.0
1999.0,SPES-C25-80-P20.0-W16.0-KC90,2.0
2000.0,SPEX13-70-P12.34-W7.3-SKC,1.0
2001.0,SPEX13-70-P12.34-W7.3-SKC,1.0
2002.0,SPEX13-72-P10.65-W8.35-SKC,1.0
2005.0,SPEX13-LC92-P12.4-W9.2-SKC,1.0
2006.0,SPRL10-80-P4.65-W4.65-R0.5-SKC,6.0
2007.0,SPRL10-80-P6.5-W4.0-R0.5-SKC,6.0
2008.0,SPRL10-90-P6.58-W4.08-R0.3-SKC,1.0
2009.0,SPRL10-L65-P9-W5-R1.0-SKC,1.0
2010.0,SPRL13-50-P9.4-W5.4-R0.5-SKC,1.0
2011.0,SPRL13-90-P12.14-W8.06-SKC,2.0
2012.0,SPRL8-65-P4.1-W3.3-R0.5-SKC,2.0
2013.0,SPRL8-LC65-P6.5-W4.0-R0.5-SKC,2.0
2014.0,SPRL-C13-80-P8.5-W8.5-R0.5,2.0
2015.0,SPRL-C13-80-P8.5-W8.5-R0.5,14.0
2016.0,SPRS13-70-P9.0-W5.0-R0.5-SKC,2.0
2018.0,SPRS13-70-P9-W5-SKC,1.0
2019.0,SPRS13-80-P9.3-W5.1-R0.5,1.0
2020.0,SPRS13-LC95-P8.3-W6.2,1.0
2021.0,SPRS16-LC65-P9.4-W5.2-SKC,1.0
2022.0,SPRS-C13-80-P8.5-W8.5-R0.5,1.0
2023.0,SPTWA16-85-P8.05-V10,4.0
2024.0,SPTWA8-100.00-P2.1-V4.0,1.0
2025.0,SPTWA8-100.0-P2.10-V4.0,1.0
2026.0,SJAL13-90-P9.00,2.0
2028.0,SJEL13-90-P11.65-W7.50-SKC,2.0
2029.0,SJAL10-110-P8.00,2.0
2030.0,ELJAL10-90-P6.10,2.0
2031.0,SJAL10-90-P7.00,3.0
2032.0,SJEL13-90-P10.15-W7.00-SKC,2.0
2033.0,T-SJAL-C16-75-P10.26,2.0
2034.0,APJAL16-LC85-P13.1-SKC,1.0
2035.0,ELJAS10-P5.0,1.0
2036.0,SJAL13-90-P8.05,2.0
2037.0,SJAS13-LC56-P10.1,1.0
2038.0,SPAL13-70-P10.05-SKC,1.0
2039.0,SPAL16-97-P14.1,1.0
2040.0,SPAX10-80-P8.1,1.0
2041.0,SJAL20-90-P14.0,1.0
2042.0,SJAS10-70-P6.1,2.0
2043.0,MHD20-30-P9.8,1.0
2044.0,SJEX13-80-P8.62-W6.06-BC-SKC,1.0
2045.0,SJAL10-46-P9.1,1.0
2046.0,SJAS8-LC55-P6.58,1.0
2047.0,APJAS8-80-P5.5-SKC,1.0
2048.0,SJAS13-80-P6.10,1.0
2049.0,SJAL16-80-P10.0,2.0
2050.0,MHD16-30-P6.15,2.0
2051.0,EHDE20-25-P8.78-W7.28-SKC,2.0
2052.0,SPAS10-80-P6.0,2.0
2053.0,HDR16-34-P7.2-W4.4-R0.65,2.0
2054.0,SPES16-100-P12.3-W8.0,1.0
2055.0,SJAL16-70-P15.99,2.0
2057.0,G-SJES10-50-P7.0-W6.2,6.0
2058.0,SJAL16-110-P13.00,2.0
2060.0,EMSD20-30-P9.26,1.0
2061.0,SPRS13-10-P9-W5-SKC,1.0
2062.0,SPEL16-70-P12.1-W7.1-SKC,1.0
2063.0,SPAS16-77-P14.2,2.0
2064.0,SJAL13-64-P10.58,1.0
2065.0,SPAS10-71-P6.1,1.0
2066.0,SJAS8-LC41-P6.2-BC,4.0
2067.0,APES16-77-P11.1-W8.5,1.0
2068.0,G-SJES25-80-P22.07-W12.07,1.0
2069.0,SJAS13-80-P11.07,1.0
2070.0,SJAS8-90-P5.00,2.0
2071.0,SJAL10-90-P8.00,2.0
2072.0,EKSD20-20-P10.43,1.0
2073.0,EKSD20-20-P11.43,1.0
2074.0,EKDE38-20-P22.43-W12.43,1.0
2075.0,EKSD25-20-P14.43,1.0
2076.0,SWM50-70,3.0
2077.0,SWM40-70,2.0
2078.0,SJRL10-90-P7.15-W5.00-R1-SKC,2.0
2079.0,SJEL16-90-P12.13-W8.08-SKC,1.0
2081.0,G-SPRL10-80-P9.0-W5.0-R1.0,1.0
2082.0,SJEL-C20-90-P16.33-W12.1-KC135,1.0
2084.0,SPRL13-80-P9.3-W5.3-R1.0-SKC,1.0
2085.0,APJEL10-70-P7.49-W6.2-SKC,1.0
2086.0,G-SPEL16-80-P12.18-W7.18,1.0
2088.0,G-SJEL13-90-P10.15-W8,1.0
2089.0,SJEL13-90-P10.3-W8.08-SKC,1.0
2090.0,G-SJRL10-80-P9.0-W5.0-R1.0,1.0
2091.0,EKSD16-20-P9.20,2.0
2092.0,EKSD16-20-P7.13,2.0
2093.0,SPEL20-90-P16-W12.1,1.0
2095.0,SJEL13-80-P12.3-W10.05-SKC,2.0
2096.0,SJEL16-90-P12.15-W10.00-SKC,2.0
2097.0,SPEX13-LC75-P12.15-W7.15,3.0
2098.0,SJAL16-90-P11.00,2.0
2102.0,G-SPEL10-70-P7.05-W5.25,1.0
2103.0,G-SJRL10-LC95-P9.1-W5.1-R1.0,1.0
2104.0,G-SJRL13-80-P9.3-WC5.3-R1.0,6.0
2105.0,APEL13-LC86-P12-W4-SKC,1.0
2106.0,G-SPES13-LC65-P12.08-W6.58,1.0
2107.0,APRS16-120-P8.08-W8.08-R1.0-SKC,1.0
2108.0,APES16-80-P8.18-W6.0-SKC,1.0
2109.0,SJEX13-125-P10.57-W8.56-SKC,1.0
2111.0,G-SJEL13-90-P10.15-W8,3.0
2112.0,EKDE25-20-P12.39-W8.24,2.0
2113.0,SJEL16-LC83-P12.08-W7.08-SKC,1.0
2114.0,SJEL-C13-LC87-P12.0-W7.0-KC135,1.0
2116.0,EKSD22-20-P11.24,2.0
2117.0,SJEL20-110-P12.06-W7.06-SKC,1.0
2118.0,EKDE22-20-P11.78-W7.63,2.0
2119.0,SPEX13-LC75-P10.65-W8.35,1.0
2120.0,SJEL16-LC95-P14.38-W12.08,1.0
2122.0,APJEL13-80-P11.05-W6.05-SKC,1.0
2123.0,SJAL20-90-P16.00,3.0
2124.0,SPEL-C20-90-P18-W14-KC90,1.0
2126.0,G-SJRL10-LC95-P9.1-W5.1-R1.0,1.0
2129.0,SPEL-C13-LC87-P12-W7-KC45,1.0
2130.0,SJEL20-90-P16.15-W12.00-SKC,2.0
2131.0,SPEX13-LC75-P10.65-W8.35,1.0
2134.0,G-SJEL13-80-P7.68-W7.18,3.0
2135.0,SPRL8-70-P6.0-W5.0-R0.5-SKC,2.0
2136.0,SJRL8-80-P6.0-W5.0-R0.5-SKC,1.0
2137.0,G-SPEL10-70-P7.05-W5.25,1.0
2138.0,SPEL20-70-P18-W16,1.0
2139.0,SJRL13-90-P6.5-W4.0-R0.5-SKC,3.0
2140.0,MSD20-40-P8.40,1.0
2141.0,SJAL10-70-P6.10,1.0
2142.0,SJEL13-LC75.0-P10.00-W8.00-SKC,1.0
2143.0,SJAL13-70-P8.10,1.0
2144.0,MSD16-40-P6.40,1.0
2145.0,SJAL10-LC75.0-P8.00,1.0
2146.0,EHDE22-40-P12.24-W10.24,2.0
2147.0,EMHD22-40-P12.24,2.0
2148.0,SJAL-C16-80-P12.00,2.0
2149.0,G-SJEL16-80-P12.00-W10.00,2.0
2150.0,G-SJEL16-80-P14.00-W12.00,2.0
2151.0,SJAL-C13-P10.00,2.0
2152.0,EMHD20-40-P10.24,2.0
2153.0,EHDE25-40-P14.24-W12.24,2.0
2154.0,SJAS13-80-P10.0,1.0
2155.0,SJAS10-90-P7.00,2.0
2156.0,SJAS16-80-P12.0,1.0
2157.0,EKSD25-20-P12.36,1.0
2158.0,EKSD20-20-P10.2,1.0
2159.0,EKSD32-20-P16.36,1.0
2160.0,SJAS20-80-P16.00,1.0
2161.0,EKDE25-20-P14.36-W12.56,1.0
2162.0,SJES16-80-P14.00-W12.20,1.0
2163.0,EKSD22-20-P12.36,1.0
2164.0,SJAS13-80-P10.00,1.0
2165.0,EKSD20-20-P10.20,1.0
2166.0,SJAS16-80-P12.00,1.0
2167.0,EKDE25-20-P14.36-W12.56,1.0
2168.0,EKSD32-20-P16.36,1.0
2169.0,SJAS20-80-P16.00,1.0
2170.0,SWH60-100,6.0
2171.0,SWL40-70,6.0
2172.0,MSP38-260,2.0
2173.0,MSP32-200,2.0
2174.0,MSP38-200,2.0
2175.0,SWH40-80,10.0
2176.0,SWM40-45,1.0
2177.0,SWM50-125,1.0
2178.0,EKDE32-20-P16.28-W12.13,2.0
2179.0,SWH50-70,4.0
2180.0,SWM35-50,1.0
2181.0,SWH50-70,4.0
2182.0,X-SWH50-70,4.0
2183.0,SWM50-65,1.0
2184.0,SWM35-50,1.0
2185.0,SWM50-60,1.0
2186.0,SWM22-70,1.0
2187.0,SWM50-65,1.0
2188.0,SWH40-80,10.0
2189.0,SWM50-60,4.0
2190.0,SWL50-60,1.0
2191.0,SWH50-100,6.0
2192.0,SWH50-70,2.0
2193.0,LLDBZ32-80,2.0
2194.0,SWH40-75,5.0
2195.0,SWL30-125,6.0
2196.0,SWM50-50,4.0
2197.0,SWM35-60,1.0
2198.0,SWM35-50,10.0
2199.0,SWM25-65,2.0
2200.0,SWM40-40,1.0
2201.0,SWM40-50,1.0
2202.0,SWM35-45,1.0
2203.0,KKSD 16-20-P9.13-BC6,2.0
2204.0,SSJAL 10-80-P9.05,2.0
2205.0,SSJRL-C 32-80-P30-W10-R2,2.0
2206.0,KKDE 20-20-P9.63-W9.13,2.0
2207.0,SSJEL 10-80-P9.55-W9.05,2.0
2208.0,KKDE 22-20-P12.18-W10.16,1.0
2209.0,SSJEL 16-80-P12.1-W10.08,1.0
2210.0,KKSD 20-16-P10.16-BC6,1.0
2211.0,SSJAL 13-80-P10.08,1.0
2212.0,KKDE 16-16-P8.28-W5.38,2.0
2213.0,SSJEL 10-80-P8.2-W5.3,1.0
2214.0,KKSD 13-16-P5.98,2.0
2215.0,SSJEL 10-80-P5.9,2.0
2216.0,SJAL10-90-P4.3,1.0
2217.0,EKSD13-20-P4.35,1.0
2218.0,EKSD16-20-P8.13,4.0
2219.0,EKSD16-20-P7.13,1.0
2220.0,G-APJEL20-124-P12.08-W8.08,2.0
2220.0,G-SPEL16-75-P14.3-W8.03,4.0
2220.0,G-SJEL16-90-P12-W9,4.0
2221.0,EKDE22-20-P12.28-W7.13,2.0
2222.0,EKDE22-20-P12.35-W10.20,2.0
2223.0,EKSD16-20-P6.23,2.0
2224.0,SJAL13-90-P9.15,2.0
2225.0,EKDR20-20-P7.13-W7.13-R0.56,2.0
2226.0,EKSD25-20-P13.20,2.0
2227.0,EKSD22-20-P9.39,2.0
2228.0,EKSD16-20-P8.20,2.0
2229.0,EKDR25-20-P10.13-W10.13-R1.06,2.0
2230.0,EKSD20-20-P8.24,2.0
2231.0,EKSD16-20-P7.13,2.0
2232.0,SPAL4-LC71.3-P2,1.0
2233.0,SPAL5-LC75-P3.26,1.0
,,
,,
,,
,,
,,
,,
,,
,,
,,
,,
,,
,,
,,
,,
,,
,,
,,
,,
,,
,,
,,
,,
,,
,,
,,
,,
,,
,,
,,
,,
,,
,,
,,
,,
,,
,,
,,
,,
,,
,,
,,
,,
,,
,,
,,
,,
,,
,,
,,
,,
,,
,,
,,
,,
,,
,,
,,
,,
,,
,,
,,
,,
,,
,,
,,
,,
,,
,,
,,
,,
,,
,,
,,
,,
,,
,,
,,
,,
,,
,,
,,
,,
,,
,,
,,
,,
,,
,,
,,
,,
,,
,,
,,
,,
,,
,,
,,
,,
,,
,,
,,
,,
,,
,,
,,
,,
,,
,,
,,
,,
,,
,,
,,
,,
,,
,,
,,
,,
,,
,,
,,
,,
,,
,,
,,
,,
,,
,,
,,
,,
,,
,,
,,
,,
,,
,,
,,
,,
,,
,,
,,
,,
,,
,,
,,
,,
,,
,,
,,
,,
,,
,,
,,
,,
,,
,,
,,
,,
,,
,,
,,
,,
,,
,,
,,
,,
,,
,,
,,
,,
,,
,,
,,
,,
,,
,,
,,
,,
,,
,,
,,
,,
,,
,,
,,
,,
,,
,,
,,
,,
,,
,,
,,
,,
,,
,,
,,
,,
,,
,,
,,
,,
,,
,,
,,
,,
,,
,,
,,
,,
,,
,,
,,
,,
,,
,,
,,
,,
,,
,,
,,
,,
,,
,,
,,
,,
,,
,,
,,
,,
,,
,,
,,
,,
,,
,,
,,
,,
,,
,,
,,
,,
,,
,,
,,
,,
,,
,,
,,
,,
,,
,,
,,
,,
,,
,,
,,
,,
,,
,,
,,
,,
,,
,,
,,
,,
,,
,,
,,
,,
,,
,,
,,
,,
,,
,,
,,
,,
,,
,,
,,
,,
,,
,,
,,
,,
,,
,,
,,
,,
,,
,,
,,
,,
,,
,,
,,
,,
,,
,,
,,
,,
,,
,,
,,
,,
,,
,,
,,
,,
,,
,,
,,
,,
,,
,,
,,
,,
,,
,,
,,
,,
,,
,,
,,
,,
,,
,,
,,
,,
,,
,,
,,
,,
,,
,,
,,
,,
,,
,,
,,
,,
,,
,,
,,
,,
,,
,,
,,
,,
,,
,,
,,
,,
,,
,,
,,
,,
,,
,,
,,
,,
,,
,,
,,
,,
,,
,,
,,
,,
,,
,,
